# NHTSA Vehicle Crash Test Database (https://nrd.api.nhtsa.dot.gov/), a public-domain
# work of the US Government. Full-width frontal rigid flat-barrier tests; one row per
# test vehicle, as published (mm, kg, km/h). Fetched 2026-09-23 by
# tools/nhtsa/fetch.py. Coefficients are derived by locus-analysis (stiffness.rs).
test_no,test_date,test_type,test_reference,vehicle_no,make,model,model_year,body_type,mass_kg,speed_kmh,vehicle_width_mm,damage_width_mm,pdof_deg,c1_mm,c2_mm,c3_mm,c4_mm,c5_mm,c6_mm,vdi,barrier
1,1979-06-06,FMVSS COMPLIANCE TEST - UNSPECIFIED,308T1430,1,CHEVROLET,CITATION,1980,FIVE DOOR HATCHBACK,1415,64.20,1730,,0,716,716,0,0,0,0,12FDEW3,rigid flat
4,1979-06-07,FMVSS COMPLIANCE TEST - UNSPECIFIED,308T2431,1,CHEVROLET,CITATION,1980,FIVE DOOR HATCHBACK,1420,77.20,1730,,0,1016,1031,0,0,0,0,12FDEW4,rigid flat
5,1979-10-22,FMVSS COMPLIANCE TEST - UNSPECIFIED,308T3432,1,CHEVROLET,CITATION,1980,FIVE DOOR HATCHBACK,1465,56.30,1730,,0,541,544,0,0,0,0,12FDEW3,rigid flat
7,1979-07-10,FMVSS COMPLIANCE TEST - UNSPECIFIED,308T5441,1,VOLKSWAGEN,RABBIT,1979,THREE DOOR HATCHBACK,1179,56.00,1610,,0,551,559,0,0,0,0,12FDEW3,rigid flat
11,1979-04-17,TEST PROCEDURE DEVELOPMENT,  3052-4,1,DODGE,SPORTSMAN,1979,VAN,2108,40.60,1994,1994,0,295,335,366,343,312,0,12FDEW3,rigid flat
14,1979-04-11,TEST PROCEDURE DEVELOPMENT,  3052-2,1,FORD,E150 VAN,1979,VAN,2267,40.40,2017,2017,0,259,272,307,297,284,0,12FDEW2,rigid flat
19,1979-04-12,TEST PROCEDURE DEVELOPMENT,  3052-3,1,FORD,E150 VAN,1979,VAN,2267,48.30,2017,2017,0,356,361,363,340,279,0,12FDEW3,rigid flat
25,1979-07-24,FMVSS COMPLIANCE TEST - UNSPECIFIED,308T9445,1,OLDSMOBILE,CUTLASS,1979,TWO DOOR COUPE,1733,56.50,1811,,0,757,0,0,0,0,0,12FDEW3,rigid flat
27,1979-07-16,FMVSS COMPLIANCE TEST - UNSPECIFIED,308T6442,1,TOYOTA,CELICA,1979,THREE DOOR HATCHBACK,1372,56.00,1638,,0,549,587,0,0,0,0,12FDEW3,rigid flat
30,1979-09-18,NEW CAR ASSESSMENT TEST,P9134VOL,1,VOLVO,244,1979,FOUR DOOR SEDAN,1530,56.30,1702,1676,0,409,0,0,0,0,0,12FCEW3,rigid flat
33,1979-05-21,FMVSS COMPLIANCE TEST - UNSPECIFIED,3066- 10,1,PLYMOUTH,CHAMP,1979,THREE DOOR HATCHBACK,1051,56.80,1588,1588,0,498,523,536,541,531,513,12FDEWS,rigid flat
35,1979-05-24,FMVSS COMPLIANCE TEST - UNSPECIFIED,30661-12,1,NISSAN,210,1979,TWO DOOR SEDAN,1100,56.60,1600,1600,0,643,648,632,622,630,632,12FDEWS,rigid flat
50,1979-04-10,TEST PROCEDURE DEVELOPMENT,  3052-1,1,FORD,E150 VAN,1979,VAN,2263,24.60,2017,2017,0,140,142,145,145,137,,12FDEW2,rigid flat
51,1979-06-11,FMVSS COMPLIANCE TEST - UNSPECIFIED,3066-5,1,MERCURY,MARQUIS,1979,TWO DOOR SEDAN,1916,57.00,1892,1892,0,665,770,724,0,0,0,12FDEW5,rigid flat
52,1979-06-12,FMVSS COMPLIANCE TEST - UNSPECIFIED,3066-6,1,BUICK,RIVIERA,1979,TWO DOOR SEDAN,2014,56.80,1829,1829,0,615,668,625,0,0,0,12FDEW5,rigid flat
53,1969-07-09,FMVSS COMPLIANCE TEST - UNSPECIFIED,3066-21,1,PLYMOUTH,HORIZON,1979,THREE DOOR HATCHBACK,1207,56.20,1676,1676,0,587,587,559,0,0,0,12FDEWS,rigid flat
63,1979-08-28,FMVSS COMPLIANCE TEST - UNSPECIFIED,30816457,1,PLYMOUTH,VOLARE,1979,TWO DOOR COUPE,1733,56.30,1831,,0,607,0,0,0,0,0,12FDEW3,rigid flat
64,1979-09-07,FMVSS COMPLIANCE TEST - UNSPECIFIED,30820461,1,CHEVROLET,MONZA,1979,THREE DOOR HATCHBACK,1470,56.50,1661,,0,648,0,0,0,0,0,12FDEW3,rigid flat
65,1979-09-07,FMVSS COMPLIANCE TEST - UNSPECIFIED,30819460,1,FORD,LTD,1979,TWO DOOR SEDAN,1982,57.00,1969,,0,704,0,0,0,0,0,12FDEW3,rigid flat
66,1979-08-30,FMVSS COMPLIANCE TEST - UNSPECIFIED,30818459,1,FORD,GRANADA,1979,FOUR DOOR SEDAN,1792,55.70,1880,,0,612,0,0,0,0,0,12FDEW3,rigid flat
71,1979-09-20,FMVSS COMPLIANCE TEST - UNSPECIFIED,30823464,1,DODGE,MAGNUM,1979,TWO DOOR SEDAN,2014,56.80,1958,,0,696,0,0,0,0,0,12FDEW3,rigid flat
73,1979-09-17,FMVSS COMPLIANCE TEST - UNSPECIFIED,30822463,1,CHEVROLET,CHEVETTE,1979,FIVE DOOR HATCHBACK,1232,56.00,1570,,0,594,0,0,0,0,0,12FDEW3,rigid flat
79,1979-10-23,ELECTRIC VEHICLE TEST,  3042-4,1,BATTRONICS,VAN,,VAN,2914,49.10,1905,1905,0,287,254,226,211,201,196,12FDAW9,rigid flat
92,1979-09-12,FMVSS COMPLIANCE TEST - UNSPECIFIED,30821462,1,FORD,FAIRMONT,1979,FOUR DOOR SEDAN,1497,57.00,1803,,0,635,0,0,0,0,0,12FDEW3,rigid flat
94,1979-10-15,FMVSS COMPLIANCE TEST - UNSPECIFIED,30830471,1,HONDA,CIVIC,1979,TWO DOOR SEDAN,989,56.00,1506,,0,531,0,0,0,0,0,12FDEW3,rigid flat
99,1979-09-27,OTHER,P9134TOY,1,TOYOTA,COROLLA,1979,TWO DOOR SEDAN,1202,56.30,1570,1549,0,516,0,0,0,0,0,12FCEW3,rigid flat
102,1980-05-09,BASELINE TEST,3102-0,1,AUDI,4000,1980,FOUR DOOR SEDAN,1286,56.80,1684,1684,0,592,599,602,592,579,569,12FDEW6,rigid flat
103,1978-03-16,FMVSS COMPLIANCE TEST - UNSPECIFIED,3005-010,1,SUBARU,BRAT MPV,1978,OTHER,1300,47.60,1549,1473,0,541,533,533,528,0,0,12FDEW6,rigid flat
104,1978-05-04,FMVSS COMPLIANCE TEST - UNSPECIFIED,3005-030,1,OLDSMOBILE,CUTLASS,1978,TWO DOOR SEDAN,1745,48.00,1826,1524,180,572,635,635,605,0,0,12FDEW6,rigid flat
119,1980-05-16,BASELINE TEST,3102-020,1,NISSAN,2000,1980,THREE DOOR HATCHBACK,1090,55.80,1621,1621,0,551,544,531,531,523,513,12FDEW5,rigid flat
122,1980-05-23,BASELINE TEST,3102-010,1,TOYOTA,TERCEL,1980,TWO DOOR SEDAN,1050,56.80,1626,1626,0,622,612,602,597,597,0,12FDAW7,rigid flat
128,1978-06-22,FMVSS COMPLIANCE TEST - UNSPECIFIED,3005-037,1,TOYOTA,CRESSIDA,1978,STATION WAGON,1547,47.60,1679,1524,0,531,531,531,531,0,0,12FDAW6,rigid flat
133,1980-06-03,BASELINE TEST,3102-021A,1,SUBARU,GF,1980,FOUR DOOR SEDAN,1177,56.30,1615,1615,0,592,579,582,574,564,0,12FDAW7,rigid flat
135,1978-05-22,FMVSS COMPLIANCE TEST - UNSPECIFIED,3005-035,1,MAZDA,RX,1978,STATION WAGON,1496,48.30,1651,0,0,0,0,0,0,0,0,9999999,rigid flat
136,1980-01-17,BASELINE TEST,3102-004,1,OLDSMOBILE,CUTLASS,1980,FOUR DOOR SEDAN,1730,57.00,1826,1826,0,665,693,729,732,706,686,12FDAW6,rigid flat
137,1980-06-20,BASELINE TEST,3102-006,1,MERCEDES,240,1980,FOUR DOOR SEDAN,1685,56.30,1786,1786,0,503,533,554,551,523,478,12FDAW7,rigid flat
155,1979-09-15,ELECTRIC VEHICLE TEST,  3042-3,1,UM,ELECTREK,1979,THREE DOOR HATCHBACK,1637,48.40,1524,1524,0,686,699,716,726,726,737,12FDAW8,rigid flat
156,1979-05-22,FMVSS COMPLIANCE TEST - UNSPECIFIED,3066- 22,1,MERCURY,BOBCAT,1979,THREE DOOR HATCHBACK,1360,56.50,1697,1697,0,432,508,495,498,472,429,12FDEWS,rigid flat
157,1979-05-25,FMVSS COMPLIANCE TEST - UNSPECIFIED,3066- 23,1,MERCURY,CAPRI,1979,THREE DOOR HATCHBACK,1391,56.30,1727,1727,0,551,653,759,640,523,0,12FDEWS,rigid flat
172,1978-05-11,FMVSS COMPLIANCE TEST - UNSPECIFIED,3005-031,1,PONTIAC,GRAND PRIX,1978,TWO DOOR SEDAN,1772,47.30,1849,1524,0,564,632,640,577,0,0,12FDEW5,rigid flat
173,1978-06-26,FMVSS COMPLIANCE TEST - UNSPECIFIED,3005-038,1,VOLKSWAGEN,RABBIT,1978,FIVE DOOR HATCHBACK,1101,47.60,1610,1219,0,546,546,546,546,0,0,12FDEW5,rigid flat
180,1978-05-17,FMVSS COMPLIANCE TEST - UNSPECIFIED,3005-033,1,BUICK,LESABRE,1978,TWO DOOR SEDAN,1927,47.60,1961,1829,0,622,686,673,622,0,0,12FDEW5,rigid flat
182,1979-06-27,FMVSS COMPLIANCE TEST - UNSPECIFIED,3066-8,1,DODGE,ST. REGIS,1979,FOUR DOOR SEDAN,2022,56.20,1969,1969,0,754,747,676,0,0,0,12FDEWS,rigid flat
183,1979-07-18,FMVSS COMPLIANCE TEST - UNSPECIFIED,3066-11,1,OLDSMOBILE,98,1979,FOUR DOOR SEDAN,2136,56.20,1930,1930,0,681,686,777,0,0,0,12FDEW5,rigid flat
186,1980-05-07,BASELINE TEST,3102-001,1,NISSAN,200 SX,1980,THREE DOOR HATCHBACK,1378,54.90,1679,1679,0,617,645,643,638,635,597,12FDEW6,rigid flat
191,1979-04-18,TEST PROCEDURE DEVELOPMENT,  3052-5,1,DODGE,SPORTSMAN,1979,VAN,2111,48.60,1994,1994,0,368,394,422,404,384,0,12FDEW5,rigid flat
192,1979-04-19,TEST PROCEDURE DEVELOPMENT,  3052-6,1,DODGE,SPORTSMAN,1979,VAN,2110,24.60,1994,1994,0,114,145,165,147,112,,12FDEW1,rigid flat
199,1979-10-11,FMVSS COMPLIANCE TEST - UNSPECIFIED,3006-01,1,OLDSMOBILE,CUTLASS,1979,TWO DOOR SEDAN,1723,56.00,1811,1811,0,742,765,782,782,752,732,12FDEW5,rigid flat
202,1979-05-23,FMVSS COMPLIANCE TEST - UNSPECIFIED,3066 -09,1,PONTIAC,FIREBIRD,1979,TWO DOOR COUPE,1773,56.80,1847,1847,0,556,592,635,612,556,0,12FDEWS,rigid flat
203,1979-12-20,FMVSS COMPLIANCE TEST - UNSPECIFIED,3066-012,1,FORD,LTD,1979,TWO DOOR SEDAN,2184,56.20,1996,1676,0,866,869,866,861,841,831,12FDWA3,rigid flat
204,1979-11-06,FMVSS COMPLIANCE TEST - UNSPECIFIED,3066-30,1,LINCOLN,CONTINENTAL,1979,FOUR DOOR SEDAN,2432,56.50,2029,2029,0,782,709,762,757,732,726,12FDEW5,rigid flat
206,1980-10-10,FMVSS COMPLIANCE TEST - UNSPECIFIED,30840503,1,FORD,ESCORT,1981,THREE DOOR HATCHBACK,1175,56.50,1674,1674,0,582,0,0,0,0,0,12FDEW4,rigid flat
207,1980-10-14,FMVSS COMPLIANCE TEST - UNSPECIFIED,30841504,1,PLYMOUTH,RELIANT,1981,TWO DOOR SEDAN,1356,56.20,1742,1742,0,599,0,0,0,0,0,12FDEW3,rigid flat
216,1980-07-02,NEW CAR ASSESSMENT TEST,3882-004,1,HONDA,PRELUDE,1980,TWO DOOR COUPE,1154,56.20,1646,1557,0,592,597,597,597,587,577,12FDEW3,rigid flat
217,1980-07-11,OTHER,3882-005,1,HONDA,CIVIC,1980,THREE DOOR HATCHBACK,1042,55.80,1580,1499,0,505,516,513,516,475,439,12FDEW3,rigid flat
218,1980-08-21,OTHER,3882-013,1,RENAULT,LE CAR,1980,THREE DOOR HATCHBACK,996,55.50,1524,1524,0,267,284,277,274,262,267,12FDEW3,rigid flat
219,1980-08-27,OTHER,3882-014,1,PEUGEOT,504,1979,FOUR DOOR SEDAN,1599,56.80,1715,1651,0,622,645,648,617,579,533,12FDEW3,rigid flat
220,1980-09-05,OTHER,3882-016,1,DODGE,MIRADA,1980,TWO DOOR COUPE,1876,57.10,1847,1753,0,554,551,572,584,592,620,12FDEW3,rigid flat
221,1980-09-10,NEW CAR ASSESSMENT TEST,3882-017,1,EAGLE,MPV,1980,TWO DOOR SEDAN,1868,56.20,1753,1626,0,579,556,541,533,538,528,12FDEW3,rigid flat
222,1980-10-17,FMVSS COMPLIANCE TEST - UNSPECIFIED,3882-020,1,FORD,BRONCO,1980,UTILITY VEHICLE,2206,47.30,1956,1956,0,495,521,513,513,508,478,12FDEW3,rigid flat
238,1980-01-25,FMVSS COMPLIANCE TEST - UNSPECIFIED,1489-102,1,CHEVROLET,SPORTVAN,1979,VAN,2450,47.00,2027,1867,0,399,419,406,351,,,12FDEW4,rigid flat
239,1980-02-27,FMVSS COMPLIANCE TEST - UNSPECIFIED,1489-104,1,DODGE,COLT PICKUP,1979,PICKUP TRUCK,1412,47.80,1651,1511,0,363,404,427,368,,,12FDEW2,rigid flat
240,1980-03-01,FMVSS COMPLIANCE TEST - UNSPECIFIED,1489-105,1,TOYOTA,PICKUP,1979,PICKUP TRUCK,1419,47.60,1610,1580,0,274,338,351,310,,,12FDEW2,rigid flat
241,1980-03-07,FMVSS COMPLIANCE TEST - UNSPECIFIED,1489-106,1,JEEP,CHEROKEE,1979,UTILITY VEHICLE,2283,47.80,1920,1786,0,381,417,445,414,,,12FDEW2,rigid flat
242,1980-03-13,FMVSS COMPLIANCE TEST - UNSPECIFIED,1489-107,1,CHEVROLET,K20 PICKUP,1979,PICKUP TRUCK,2742,49.10,2032,1930,0,574,589,589,574,,,12FDEW2,rigid flat
243,1980-03-20,FMVSS COMPLIANCE TEST - UNSPECIFIED,1489-108,1,FORD,F350 PICKUP,1979,PICKUP TRUCK,2366,47.80,2014,1933,0,472,490,485,411,,,12FDEW2,rigid flat
244,1980-03-27,FMVSS COMPLIANCE TEST - UNSPECIFIED,1489-109,1,CHINOOK,MOTOR HOME,1979,MOTOR HOME,1813,47.80,1956,1580,0,429,475,490,483,,,12FDEW3,rigid flat
245,1980-04-03,FMVSS COMPLIANCE TEST - UNSPECIFIED,1489-110,1,MAZDA,B2000 PICKUP,1979,PICKUP TRUCK,1444,47.80,1600,1537,0,419,439,452,424,,,12FDEW2,rigid flat
246,1980-04-24,FMVSS COMPLIANCE TEST - UNSPECIFIED,1489-111,1,CHAMPION,MOTOR HOME,1979,MOTOR HOME,2682,47.50,2248,1981,0,427,483,465,366,,,12FDEW6,rigid flat
249,1980-10-23,FMVSS COMPLIANCE TEST - UNSPECIFIED,3882-021,1,VOLKSWAGEN,VANAGON,1980,VAN,1748,47.60,1842,1702,0,269,310,363,345,307,274,12FDAW6,rigid flat
252,1980-02-22,FMVSS COMPLIANCE TEST - UNSPECIFIED,1489-103,1,ODYSSEY,MOTOR HOME,1979,MOTOR HOME,2112,47.60,2057,1709,0,490,503,508,503,0,0,12FDEW3,rigid flat
255,1979-10-02,FMVSS COMPLIANCE TEST - UNSPECIFIED,3066-04,1,FORD,MUSTANG,1979,TWO DOOR COUPE,1339,55.80,1755,1755,0,386,478,556,594,455,371,12FDEW5,rigid flat
263,1979-10-15,NEW CAR ASSESSMENT TEST,P9134FOR,1,FORD,FIESTA,1979,TWO DOOR SEDAN,991,56.30,1590,1590,0,564,0,0,0,0,0,12FCEW3,rigid flat
268,1980-10-22,BASELINE TEST,3101-041,1,SUBARU,GLF,1980,FOUR DOOR SEDAN,1154,47.50,1615,1615,0,478,472,470,462,452,447,12FDAW5,rigid flat
269,1980-10-24,BASELINE TEST,3101-042,1,TOYOTA,TERCEL,1980,THREE DOOR HATCHBACK,1098,47.30,1554,1554,0,394,396,394,399,396,396,12FDAW5,rigid flat
270,1980-10-20,BASELINE TEST,3101-043,1,CHEVROLET,CHEVETTE,1980,THREE DOOR HATCHBACK,1173,47.30,1570,1570,0,465,447,485,483,442,424,12FDAW5,rigid flat
271,1980-09-03,NEW CAR ASSESSMENT TEST,3882-015,1,FORD,THUNDERBIRD,1980,TWO DOOR COUPE,1716,56.80,1882,1727,0,579,597,612,632,577,541,12FDEW3,rigid flat
272,1979-10-15,FMVSS COMPLIANCE TEST - UNSPECIFIED,30829470,1,AMERICAN,CONCORD,1980,TWO DOOR SEDAN,1678,55.80,1709,,0,495,0,0,0,0,0,12FDEW3,rigid flat
273,1981-01-13,BASELINE TEST,3103-02,1,HONDA,CIVIC,1981,FOUR DOOR SEDAN,1114,56.30,1585,1524,0,556,551,551,546,526,505,12FDEW5,rigid flat
275,1980-11-14,ELECTRIC VEHICLE TEST,3042-022,1,JET,ELECTRICA 007,1980,THREE DOOR HATCHBACK,1809,49.20,1694,1697,0,658,701,747,747,759,767,12FDAW9,rigid flat
279,1981-01-07,ELECTRIC VEHICLE TEST,3114-12A,1,JET,COURIER,1980,PICKUP TRUCK,1978,48.90,1600,1524,0,564,658,683,693,678,607,12FDEW9,rigid flat
280,1981-01-08,ELECTRIC VEHICLE TEST,3114-12B,1,FORD,FAIRMONT,1980,STATION WAGON,2157,49.20,1753,1651,0,602,635,696,699,625,602,12FDEW9,rigid flat
284,1980-08-05,OCCUPANT PERFORMANCE TEST,30836496,1,CHEVROLET,CHEVETTE,1980,FIVE DOOR HATCHBACK,1220,44.30,1570,1570,0,439,0,0,0,0,0,12FDEW2,rigid flat
287,1980-10-29,FMVSS COMPLIANCE TEST - UNSPECIFIED,3882-022,1,TOYOTA,PICKUP,1980,PICKUP TRUCK,1624,47.50,1689,1549,0,358,386,394,399,406,386,12FDEW2,rigid flat
288,1980-11-05,FMVSS COMPLIANCE TEST - UNSPECIFIED,3882-023,1,CHEVROLET,LUV,1980,PICKUP TRUCK,1507,47.80,1590,1588,0,254,315,363,366,318,269,12FDEW2,rigid flat
289,1980-11-24,NEW CAR ASSESSMENT TEST,3882-026,1,SUBARU,WAGON,1980,STATION WAGON,1337,56.20,1618,1618,0,579,605,589,592,587,569,12FDEW3,rigid flat
290,1980-12-02,FMVSS COMPLIANCE TEST - UNSPECIFIED,3883-027,1,FORD,COURIER,1980,PICKUP TRUCK,1424,47.80,1600,1549,0,406,470,480,475,472,406,12FDEW2,rigid flat
291,1980-12-08,FMVSS COMPLIANCE TEST - UNSPECIFIED,3883-028,1,NISSAN,KING CAB PICKUP,1980,PICKUP TRUCK,1437,48.00,1608,1549,0,376,376,394,391,376,373,12FDEW2,rigid flat
296,1981-01-27,ELECTRIC VEHICLE TEST,3114-12,1,RENAULT,LE CAR,1979,THREE DOOR HATCHBACK,1435,49.20,1527,1372,0,307,315,318,320,318,315,12FDEW9,rigid flat
297,1981-01-28,ELECTRIC VEHICLE TEST,3114-13,1,UM,ELECTREK,1981,TWO DOOR COUPE,1579,48.30,1770,,0,,,,,,,12FDEW6,rigid flat
298,1978-09-09,FMVSS COMPLIANCE TEST - UNSPECIFIED,1489-045,1,DODGE,CHALLENGER,1978,TWO DOOR COUPE,1348,47.20,1674,,0,513,559,0,0,0,0,9999999,rigid flat
299,1978-09-29,FMVSS COMPLIANCE TEST - UNSPECIFIED,1489-046,1,DODGE,OMNI,1978,FIVE DOOR HATCHBACK,1167,48.00,1681,,0,432,419,0,0,0,0,9999999,rigid flat
300,1978-11-04,FMVSS COMPLIANCE TEST - UNSPECIFIED,1489-049,1,FORD,E150 VAN,1978,VAN,2156,47.20,2027,,0,343,267,0,0,0,0,9999999,rigid flat
301,1978-11-09,FMVSS COMPLIANCE TEST - UNSPECIFIED,1489-050,1,FORD,E100 VAN,1978,VAN,2191,47.20,2027,,0,356,254,0,0,0,0,9999999,rigid flat
302,1978-11-16,FMVSS COMPLIANCE TEST - UNSPECIFIED,1489-051,1,CHEVROLET,BLAZER,1978,UTILITY VEHICLE,2572,47.50,1666,,0,432,457,0,0,0,0,9999999,rigid flat
303,1978-11-27,FMVSS COMPLIANCE TEST - UNSPECIFIED,1489-052,1,IH,SCOUT MPV,1978,OTHER,1931,48.00,,,0,356,356,0,0,0,0,9999999,rigid flat
304,1978-12-06,FMVSS COMPLIANCE TEST - UNSPECIFIED,1489-053,1,DODGE,SPORTSMAN,1978,VAN,1958,48.10,1958,,0,368,318,0,0,0,0,9999999,rigid flat
305,1978-12-13,FMVSS COMPLIANCE TEST - UNSPECIFIED,1489-054,1,CHEVROLET,SPORTVAN,1978,VAN,2385,47.30,2019,,0,368,401,0,0,0,0,9999999,rigid flat
306,1978-12-21,FMVSS COMPLIANCE TEST - UNSPECIFIED,1489-055,1,GMC,VANDURA,1978,VAN,2087,47.50,,,0,330,351,0,0,0,0,9999999,rigid flat
308,1979-01-19,FMVSS COMPLIANCE TEST - UNSPECIFIED,1489-057,1,FORD,F250 PICKUP,1978,PICKUP TRUCK,2207,48.10,1600,,0,399,432,0,0,0,0,9999999,rigid flat
309,1979-01-25,FMVSS COMPLIANCE TEST - UNSPECIFIED,1489-058,1,CHEVROLET,EL CAMINO,1978,PICKUP TRUCK,1738,48.00,1826,,0,513,521,0,0,0,0,9999999,rigid flat
310,1979-01-29,FMVSS COMPLIANCE TEST - UNSPECIFIED,1489-059,1,FORD,F150 PICKUP,1978,PICKUP TRUCK,2018,47.00,1600,,0,439,439,0,0,0,0,9999999,rigid flat
311,1979-02-22,FMVSS COMPLIANCE TEST - UNSPECIFIED,1489-060,1,FORD,COURIER,1978,PICKUP TRUCK,1411,47.80,1600,,0,381,373,0,0,0,0,9999999,rigid flat
312,1979-03-12,FMVSS COMPLIANCE TEST - UNSPECIFIED,1489-061,1,CHEVROLET,LUV,1978,PICKUP TRUCK,1365,47.80,1590,,0,343,371,0,0,0,0,9999999,rigid flat
313,1979-03-14,FMVSS COMPLIANCE TEST - UNSPECIFIED,1489-062,1,FORD,VAN,1978,VAN,2629,47.30,2027,,0,229,262,0,0,0,0,9999999,rigid flat
314,1979-03-22,FMVSS COMPLIANCE TEST - UNSPECIFIED,1489-063,1,GMC,SPORTVAN,1978,VAN,3024,47.00,,,0,508,559,0,0,0,0,9999999,rigid flat
315,1979-03-30,FMVSS COMPLIANCE TEST - UNSPECIFIED,1489-064,1,MERCURY,MONARCH,1978,TWO DOOR SEDAN,1733,46.70,1892,,0,478,493,0,0,0,0,9999999,rigid flat
316,1979-04-03,FMVSS COMPLIANCE TEST - UNSPECIFIED,1489-065,1,BUICK,CENTURY,1978,TWO DOOR COUPE,1742,48.00,1834,,0,541,538,0,0,0,0,9999999,rigid flat
317,1979-04-06,FMVSS COMPLIANCE TEST - UNSPECIFIED,1489-066,1,NISSAN,810,1978,STATION WAGON,1554,48.30,1631,,0,521,518,0,0,0,0,9999999,rigid flat
318,1979-04-11,FMVSS COMPLIANCE TEST - UNSPECIFIED,1489-067,1,DODGE,MAGNUM,1978,TWO DOOR COUPE,2097,48.10,1958,,0,493,505,0,0,0,0,9999999,rigid flat
319,1979-04-17,FMVSS COMPLIANCE TEST - UNSPECIFIED,1489-068,1,FORD,LTD,1978,TWO DOOR COUPE,2212,47.80,1981,,0,749,808,0,0,0,0,9999999,rigid flat
320,1979-04-19,FMVSS COMPLIANCE TEST - UNSPECIFIED,1489-069,1,CHRYSLER,LE BARON,1978,FOUR DOOR SEDAN,1931,47.80,1862,,0,434,445,0,0,0,0,9999999,rigid flat
321,1979-04-23,FMVSS COMPLIANCE TEST - UNSPECIFIED,1489-070,1,MERCURY,ZEPHYR,1978,FOUR DOOR SEDAN,1485,47.80,1783,,0,445,432,0,0,0,0,9999999,rigid flat
322,1979-04-27,FMVSS COMPLIANCE TEST - UNSPECIFIED,1489-071,1,AMERICAN,GREMLIN,1978,TWO DOOR SEDAN,1513,47.80,1793,,0,432,447,0,0,0,0,9999999,rigid flat
323,1979-05-02,FMVSS COMPLIANCE TEST - UNSPECIFIED,1489-072,1,AMERICAN,CONCORD,1978,THREE DOOR HATCHBACK,1664,47.80,1803,,0,417,429,0,0,0,0,9999999,rigid flat
324,1979-05-07,FMVSS COMPLIANCE TEST - UNSPECIFIED,1489-073,1,CHEVROLET,NOVA,1978,FOUR DOOR SEDAN,1849,47.80,1834,,0,483,462,0,0,0,0,9999999,rigid flat
325,1979-05-10,FMVSS COMPLIANCE TEST - UNSPECIFIED,1489-074,1,CHEVROLET,CHEVETTE,1978,THREE DOOR HATCHBACK,1144,47.30,1570,,0,470,490,0,0,0,0,9999999,rigid flat
326,1979-05-15,FMVSS COMPLIANCE TEST - UNSPECIFIED,1489-075,1,PEUGEOT,604,1978,FOUR DOOR SEDAN,1713,47.30,1770,,0,414,429,0,0,0,0,9999999,rigid flat
333,1981-02-27,BASELINE TEST,3103-03,1,TOYOTA,STARLET,1981,THREE DOOR HATCHBACK,1004,56.50,1537,1433,0,485,472,470,470,483,490,12FDEW5,rigid flat
334,1981-02-25,BASELINE TEST,3103-04,1,TOYOTA,CRESSIDA,1981,FOUR DOOR SEDAN,1550,56.50,1669,1539,0,617,602,597,594,592,594,12FDEW5,rigid flat
335,1981-02-23,BASELINE TEST,3103-01,1,CHRYSLER,IMPERIAL,1981,TWO DOOR COUPE,2069,56.30,1842,1585,0,770,800,833,828,787,754,12FDEW5,rigid flat
339,1981-02-19,FMVSS COMPLIANCE TEST - UNSPECIFIED,3882-035,1,SUBARU,WAGON,1981,STATION WAGON,1345,47.20,1618,1618,0,450,457,457,452,457,447,12FDEW2,rigid flat
340,1981-03-31,FMVSS COMPLIANCE TEST - UNSPECIFIED,3882-036,1,CHEVROLET,PICKUP,1981,PICKUP TRUCK,2064,47.30,2032,1976,0,511,521,533,528,523,516,12FDEW2,rigid flat
341,1981-04-06,FMVSS COMPLIANCE TEST - UNSPECIFIED,3882-037,1,FORD,COURIER,1981,PICKUP TRUCK,1909,47.30,1966,1966,0,467,485,493,498,483,424,12FDEW2,rigid flat
355,1981-08-06,FMVSS COMPLIANCE TEST - UNSPECIFIED,3116-01,1,CADILLAC,DE VILLE,1981,FOUR DOOR SEDAN,2057,47.30,1966,1753,0,607,610,686,681,569,518,12FDEW3,rigid flat
356,1981-08-14,FMVSS COMPLIANCE TEST - UNSPECIFIED,70303524,1,HONDA,CIVIC,1981,THREE DOOR HATCHBACK,980,56.50,1580,1580,0,526,0,0,0,0,0,12FDEW3,rigid flat
357,1981-06-12,OTHER,3882-038,1,AUDI,5000,1981,FOUR DOOR SEDAN,1525,55.80,1778,1562,0,602,602,627,612,577,564,12FDEW3,rigid flat
360,1981-06-18,OTHER,3882-042,1,FORD,EXP,1982,THREE DOOR HATCHBACK,1154,56.30,1613,1308,0,409,427,452,480,503,452,12FDEW3,rigid flat
363,1981-08-12,FMVSS COMPLIANCE TEST - UNSPECIFIED,70301522,1,RENAULT,18,1981,FOUR DOOR SEDAN,1247,56.60,1689,1689,0,676,0,0,0,0,0,12FDEW3,rigid flat
364,1981-08-13,FMVSS COMPLIANCE TEST - UNSPECIFIED,70302523,1,AMERICAN,SPIRIT,1981,THREE DOOR HATCHBACK,1442,56.30,1829,1829,0,574,0,0,0,0,0,12FDEW2,rigid flat
365,1981-07-22,FMVSS COMPLIANCE TEST - UNSPECIFIED,3103-05,1,VOLKSWAGEN,JETTA,1981,FOUR DOOR SEDAN,1202,56.20,1613,1372,0,561,602,630,627,602,574,12FDEW3,rigid flat
373,1981-10-19,BASELINE TEST,3126-5,1,FORD,ESCORT,1981,THREE DOOR HATCHBACK,1100,48.60,1674,1219,0,442,457,467,467,462,457,12FDEW9,rigid flat
374,1981-10-21,ELECTRIC VEHICLE TEST,3126-2,1,JET,ELECTRICA,1981,THREE DOOR HATCHBACK,1574,48.80,1674,1422,0,635,660,676,693,686,693,12FDEW9,rigid flat
375,1981-10-23,ELECTRIC VEHICLE TEST,3126-3,1,JET,ELECTRICA 007,1981,THREE DOOR HATCHBACK,1830,49.10,1676,1422,0,752,752,744,726,701,676,12FDEW9,rigid flat
376,1979-08-28,FMVSS COMPLIANCE TEST - UNSPECIFIED,30817458,1,CHRYSLER,LE BARON,1979,TWO DOOR COUPE,1887,56.30,1867,,0,625,0,0,0,0,0,12FDEW3,rigid flat
380,1981-09-29,BASELINE TEST,61501526,1,MERCURY,MARQUIS,1981,TWO DOOR SEDAN,1798,57.10,1969,1969,0,688,701,0,0,0,0,12FDEW3,rigid flat
381,1981-11-17,FMVSS COMPLIANCE TEST - UNSPECIFIED,2240,1,DODGE,CHALLENGER,1981,TWO DOOR COUPE,1453,54.60,1674,1651,0,546,559,,,,,12FCMW5,rigid flat
382,1981-10-27,MODIFIED VEHICLE TEST,3118-1,1,FORD,E150 VAN,1979,VAN,2266,48.80,2012,1829,0,368,429,437,442,417,366,12FDEW6,rigid flat
383,1981-10-29,MODIFIED VEHICLE TEST,3118-2,1,FORD,VAN,1979,VAN,2270,48.80,2012,1829,0,495,521,559,546,533,508,12FDEW6,rigid flat
390,1981-09-24,BASELINE TEST,3120-1,1,DELOREAN,COUPE,1981,TWO DOOR COUPE,1524,57.90,1854,1524,0,0,0,0,0,0,0,12FDEW6,rigid flat
391,1981-10-15,BASELINE TEST,3120-2,1,DELOREAN,COUPE,1981,TWO DOOR COUPE,1516,65.50,1854,1524,0,0,0,0,0,0,0,12FDEW6,rigid flat
407,1981-10-22,NEW CAR ASSESSMENT TEST,S48001,1,FORD,ESCORT,1982,FIVE DOOR HATCHBACK,1168,56.50,1674,1674,0,559,610,0,0,0,0,12FDEW8,rigid flat
415,1981-12-18,ELECTRIC VEHICLE TEST,3126-1,1,EVA,EVCORT,1981,STATION WAGON,1652,49.10,,1473,0,645,648,648,620,589,566,12FDEW9,rigid flat
416,1981-12-11,ELECTRIC VEHICLE TEST,3126-4,1,LECTRA,400,1981,FIVE DOOR HATCHBACK,1729,49.90,1580,1580,0,782,780,767,749,739,716,12FDEW9,rigid flat
418,1982-02-10,NEW CAR ASSESSMENT TEST,820210,1,VOLVO,DL,1982,TWO DOOR SEDAN,1521,56.20,1631,,180,,,,,,,,rigid flat
422,1978-05-12,FMVSS COMPLIANCE TEST - UNSPECIFIED,3005-#32,1,CHEVROLET,MONTE CARLO,1978,TWO DOOR SEDAN,1759,47.50,1816,1524,0,503,559,559,483,0,0,12FDEW6,rigid flat
423,1979-06-28,FMVSS COMPLIANCE TEST - UNSPECIFIED,3066-#7,1,CHEVROLET,IMPALA,1979,FOUR DOOR SEDAN,1896,56.60,1930,1930,0,564,,635,635,,612,12FDWA3,rigid flat
425,1980-06-11,BASELINE TEST,3102-#01,1,CADILLAC,SEVILLE,1980,FOUR DOOR SEDAN,2093,55.80,1814,1814,0,632,610,676,699,617,620,12FDAW7,rigid flat
426,1980-06-05,BASELINE TEST,3102-#03,1,CHEVROLET,CHEVETTE,1980,THREE DOOR HATCHBACK,1198,56.60,1570,1570,0,577,597,617,597,574,0,12FDAW7,rigid flat
427,1980-06-13,BASELINE TEST,3102-#12,1,CHRYSLER,LE BARON,1980,TWO DOOR COUPE,1760,56.50,1885,1885,0,643,648,655,658,645,630,12FDAW7,rigid flat
428,1980-06-09,BASELINE TEST,3102-19,1,VOLKSWAGEN,RABBIT,1980,OTHER,1255,56.20,1610,1610,0,564,574,582,582,577,0,12FDAW7,rigid flat
429,1981-09-18,FMVSS COMPLIANCE TEST - UNSPECIFIED,3882-043,1,LECTRIC,LEOPARD,1981,FOUR DOOR SEDAN,1607,47.60,1646,1588,0,592,665,693,693,660,594,12FDEW4,rigid flat
430,1981-09-24,FMVSS COMPLIANCE TEST - UNSPECIFIED,3882-044,1,COMUTA,CAR ELECTRIC,1980,TWO DOOR COUPE,900,46.30,1400,1499,0,312,287,267,244,198,191,12FDEW2,rigid flat
457,1982-04-29,FMVSS COMPLIANCE TEST - UNSPECIFIED,3882-046,1,LECTRA,CENTAURI,1982,THREE DOOR HATCHBACK,1964,47.80,1679,,0,0,0,0,0,0,0,9999999,rigid flat
458,1982-05-12,FMVSS COMPLIANCE TEST - UNSPECIFIED,3882-047,1,DODGE,RAMPAGE,1982,PICKUP TRUCK,1332,47.80,1684,1575,0,417,429,442,429,439,460,12FDEW2,rigid flat
459,1982-05-20,FMVSS COMPLIANCE TEST - UNSPECIFIED,3882-048,1,CHEVROLET,S-10,1982,PICKUP TRUCK,1451,47.30,1641,1519,0,401,445,467,467,450,429,12FDEW2,rigid flat
460,1982-05-27,FMVSS COMPLIANCE TEST - UNSPECIFIED,3882-049,1,FORD,RANGER,1983,PICKUP TRUCK,1428,47.80,1656,1651,0,366,368,378,384,381,373,12FDEW2,rigid flat
461,1982-06-03,FMVSS COMPLIANCE TEST - UNSPECIFIED,3882-050,1,TOYOTA,LAND CRUISER,1982,UTILITY VEHICLE,2033,47.30,1656,1168,0,307,318,323,320,297,264,12FDEW1,rigid flat
474,1982-11-08,NEW CAR ASSESSMENT TEST,821108,1,CHEVROLET,CITATION,1982,FIVE DOOR HATCHBACK,1361,55.50,1740,1397,0,538,556,574,572,556,533,12FDEW3,rigid flat
475,1982-11-12,NEW CAR ASSESSMENT TEST,821112,1,CHEVROLET,CITATION,1982,FIVE DOOR HATCHBACK,1361,56.30,1730,1397,0,544,572,615,617,599,599,12FDEW3,rigid flat
477,1982-11-05,NEW CAR ASSESSMENT TEST,43602558,1,CHEVROLET,CITATION,1982,FIVE DOOR HATCHBACK,1361,56.60,1730,1730,0,569,564,0,0,0,0,12FDAW3,rigid flat
479,1982-11-16,NEW CAR ASSESSMENT TEST,43603559,1,CHEVROLET,CITATION,1982,FIVE DOOR HATCHBACK,1361,56.30,1730,1730,0,536,541,0,0,0,0,12FDAW3,rigid flat
480,1982-11-18,NEW CAR ASSESSMENT TEST,43604560,1,CHEVROLET,CITATION,1982,FIVE DOOR HATCHBACK,1365,56.30,1730,1730,0,531,556,0,0,0,0,12FDAW3,rigid flat
481,1982-11-30,NEW CAR ASSESSMENT TEST,821130,1,CHEVROLET,CITATION,1982,FIVE DOOR HATCHBACK,1361,55.70,1730,1397,0,551,569,582,584,564,544,12FDEW3,rigid flat
482,1982-12-03,NEW CAR ASSESSMENT TEST,3142-1,1,CHEVROLET,CITATION,1982,FIVE DOOR HATCHBACK,1362,56.30,1730,1524,0,594,599,617,610,566,523,12FDEW3,rigid flat
483,1982-12-07,NEW CAR ASSESSMENT TEST,3142-2,1,CHEVROLET,CITATION,1982,FIVE DOOR HATCHBACK,1358,56.30,1730,1524,0,572,602,622,620,602,579,12FDEW3,rigid flat
486,1982-12-03,NEW CAR ASSESSMENT TEST,821203,1,CHEVROLET,CITATION,1982,FIVE DOOR HATCHBACK,1361,56.30,1730,1397,0,607,620,643,632,620,589,12FDEW3,rigid flat
494,1982-12-20,NEW CAR ASSESSMENT TEST,3142-3,1,CHEVROLET,CITATION,1982,FIVE DOOR HATCHBACK,1360,56.20,1730,1524,0,592,592,610,597,561,538,12FDEW3,rigid flat
495,1982-12-22,NEW CAR ASSESSMENT TEST,3142-4,1,CHEVROLET,CITATION,1982,FIVE DOOR HATCHBACK,1357,56.20,1730,1524,0,538,577,615,630,617,597,12FDEW3,rigid flat
497,1982-10-05,FMVSS COMPLIANCE TEST - UNSPECIFIED,TEST 04A,1,CHEVROLET,CHEVETTE,1982,FIVE DOOR HATCHBACK,1008,47.00,1575,1575,0,457,460,462,465,467,470,12FDEW3,rigid flat
498,1982-09-22,FMVSS COMPLIANCE TEST - UNSPECIFIED,TEST 02,1,CHEVROLET,CITATION,1982,THREE DOOR HATCHBACK,1156,47.30,1803,1803,0,521,518,516,513,511,508,12FDEW3,rigid flat
499,1982-10-01,FMVSS COMPLIANCE TEST - UNSPECIFIED,TEST 03A,1,CHEVROLET,CAMARO,1982,THREE DOOR HATCHBACK,1313,47.20,1887,1887,0,470,467,465,462,460,457,12FDEW3,rigid flat
500,1982-10-20,FMVSS COMPLIANCE TEST - UNSPECIFIED,TEST 05A,1,HONDA,ACCORD,1982,THREE DOOR HATCHBACK,943,47.30,1638,1638,0,508,508,508,508,508,508,12FDEW3,rigid flat
501,1982-10-27,FMVSS COMPLIANCE TEST - UNSPECIFIED,TEST 07A,1,BUICK,CENTURY,1982,FOUR DOOR SEDAN,1270,47.50,1753,1753,0,432,437,442,447,452,457,12FDEW3,rigid flat
502,1982-10-29,FMVSS COMPLIANCE TEST - UNSPECIFIED,TEST 08,1,PLYMOUTH,RELIANT,1982,TWO DOOR SEDAN,1080,47.50,1702,1702,0,457,452,447,442,437,432,12FDEW3,rigid flat
503,1982-11-11,FMVSS COMPLIANCE TEST - UNSPECIFIED,TEST 11A,1,FORD,E100 VAN,1982,VAN,1742,47.50,1905,1905,0,330,325,320,315,310,305,12FDEW5,rigid flat
504,1982-11-16,FMVSS COMPLIANCE TEST - UNSPECIFIED,TEST 12A,1,CHEVROLET,SPORTVAN,1982,VAN,1654,47.30,2032,2032,0,254,264,274,284,295,305,12FDEW5,rigid flat
505,1982-12-10,FMVSS COMPLIANCE TEST - UNSPECIFIED,TEST 14,1,FORD,RANGER,1982,PICKUP TRUCK,1131,47.20,1651,1651,0,305,310,315,320,325,330,12FDEW3,rigid flat
506,1982-12-15,FMVSS COMPLIANCE TEST - UNSPECIFIED,TEST 15,1,TOYOTA,PICKUP,1982,PICKUP TRUCK,1090,46.80,1608,1608,0,330,335,340,345,351,356,12FDEW3,rigid flat
507,1982-12-07,FMVSS COMPLIANCE TEST - UNSPECIFIED,TEST 13A,1,CHEVROLET,S-10,1982,PICKUP TRUCK,1158,47.20,1646,1646,0,406,411,417,422,427,432,12FDEW3,rigid flat
508,1982-11-03,FMVSS COMPLIANCE TEST - UNSPECIFIED,TEST 09A,1,TOYOTA,COROLLA,1982,FOUR DOOR SEDAN,1012,47.30,1610,1610,0,457,452,447,442,437,432,12FDEW3,rigid flat
509,1982-11-05,FMVSS COMPLIANCE TEST - UNSPECIFIED,TEST 10A,1,FORD,ESCORT,1982,THREE DOOR HATCHBACK,923,47.00,1613,1613,0,381,381,381,381,381,381,12FDEW3,rigid flat
510,1982-10-22,FMVSS COMPLIANCE TEST - UNSPECIFIED,TEST 06A,1,NISSAN,SENTRA,1982,FOUR DOOR SEDAN,888,47.30,1621,1621,0,381,391,411,417,422,432,12FDEW3,rigid flat
517,1982-09-18,FMVSS COMPLIANCE TEST - UNSPECIFIED,TEST 01A,1,OLDSMOBILE,CUTLASS,1982,TWO DOOR SEDAN,1484,47.30,1803,1803,0,559,556,554,551,549,546,12FDEW3,rigid flat
522,1982-12-16,NEW CAR ASSESSMENT TEST,2480,1,MAZDA,GLC,1981,FIVE DOOR HATCHBACK,1103,56.30,1631,1448,0,577,648,0,0,0,0,12FDEW5,rigid flat
523,1983-01-12,NEW CAR ASSESSMENT TEST,2482,1,CHEVROLET,CAVALIER,1982,TWO DOOR COUPE,1284,56.30,1676,1524,0,488,538,0,0,0,0,12FDEW5,rigid flat
526,1982-11-17,OTHER,3882-063,1,DODGE,COLT,1982,FIVE DOOR HATCHBACK,1129,56.20,1590,1570,0,612,627,643,638,617,597,12FDEW3,rigid flat
527,1982-12-03,OTHER,3882-064,1,CHRYSLER,LE BARON,1982,OTHER,1392,56.50,1758,1544,0,572,620,665,671,640,605,12FDEW3,rigid flat
528,1982-12-20,OTHER,3882-065,1,LINCOLN,CONTINENTAL,1982,FOUR DOOR SEDAN,1886,55.80,1834,1283,0,597,645,678,683,663,632,12FDEW2,rigid flat
544,1983-01-06,FMVSS COMPLIANCE TEST - UNSPECIFIED,3882-066,1,WINNEBAGO,TREKKER,1982,PICKUP TRUCK,1706,47.60,1636,1557,0,389,399,396,386,378,366,12FDEW2,rigid flat
545,1983-02-17,NEW CAR ASSESSMENT TEST,830217,1,CHEVROLET,CITATION,1982,FIVE DOOR HATCHBACK,1361,53.90,1740,1397,0,531,533,528,544,523,490,12FDEW3,rigid flat
550,1983-03-24,NEW CAR ASSESSMENT TEST,45403573,1,CHRYSLER,LE BARON,1982,FOUR DOOR SEDAN,1361,56.80,1740,1740,0,546,592,0,0,0,0,12FDAW3,rigid flat
551,1983-03-23,BASELINE TEST,92905572,1,CHEVROLET,CITATION,1982,FIVE DOOR HATCHBACK,1361,56.20,1730,1730,0,526,559,0,0,0,0,12FDAW3,rigid flat
552,1983-03-30,NEW CAR ASSESSMENT TEST,830330,1,CHEVROLET,CITATION,1982,FIVE DOOR HATCHBACK,1361,56.50,1740,1397,0,544,561,574,579,561,541,12FDEW3,rigid flat
568,1983-05-02,OTHER,00,1,AMERICAN,MATADOR,1974,TWO DOOR SEDAN,1837,56.80,1986,0,0,566,587,516,513,533,528,12FCHW6,rigid flat
576,1983-05-18,NEW CAR ASSESSMENT TEST,01,1,CHEVROLET,BLAZER,1983,UTILITY VEHICLE,1822,56.60,1575,1511,0,391,452,485,505,511,483,12FDAW8,rigid flat
579,1983-06-02,NEW CAR ASSESSMENT TEST,02,1,MITSUBISHI,PICKUP,1983,PICKUP TRUCK,1403,56.60,1458,1537,0,480,538,572,582,582,569,12FDAW8,rigid flat
580,1983-06-15,NEW CAR ASSESSMENT TEST,03,1,FORD,BRONCO II,1984,UTILITY VEHICLE,1744,57.00,1588,1549,0,503,546,564,554,521,483,12FDAW9,rigid flat
583,1983-06-22,NEW CAR ASSESSMENT TEST,04,1,MITSUBISHI,MONTERO,1983,UTILITY VEHICLE,1757,56.20,1554,1290,0,488,521,559,546,533,452,12FDAW8,rigid flat
601,1983-09-01,TEST PROCEDURE DEVELOPMENT,3154-1,1,FORD,LTD,1982,FOUR DOOR SEDAN,1958,47.80,1887,,0,,,,,,,12FDEW2,rigid flat
602,1983-09-09,TEST PROCEDURE DEVELOPMENT,3154-2,1,FORD,LTD,1982,FOUR DOOR SEDAN,1957,48.80,1887,,0,,,,,,,12FDEW2,rigid flat
607,1983-10-03,TEST PROCEDURE DEVELOPMENT,3154-3,1,DODGE,DIPLOMAT,1981,FOUR DOOR SEDAN,1936,47.30,1854,,0,,,,,,,12FDEW3,rigid flat
620,1983-10-31,FMVSS COMPLIANCE TEST - UNSPECIFIED,RE-TEST,1,MITSUBISHI,CORDIA,1983,THREE DOOR HATCHBACK,1194,47.50,1648,1344,0,437,447,462,495,488,485,12FDAW5,rigid flat
646,1983-02-09,FMVSS COMPLIANCE TEST - UNSPECIFIED,TEST 01B,1,MITSUBISHI,TREDIA,1983,FOUR DOOR SEDAN,999,47.60,1651,1372,0,457,483,0,0,0,0,12FDEW2,rigid flat
647,1983-02-12,FMVSS COMPLIANCE TEST - UNSPECIFIED,TEST 03B,1,MITSUBISHI,CORDIA,1983,THREE DOOR HATCHBACK,996,47.30,1651,1334,0,495,508,0,0,0,0,12FDEW3,rigid flat
648,1983-02-22,FMVSS COMPLIANCE TEST - UNSPECIFIED,TEST 04B,1,EAGLE,MPV,1983,TWO DOOR COUPE,1453,47.50,1788,1321,0,406,419,0,0,0,0,12FDEW2,rigid flat
649,1983-02-25,FMVSS COMPLIANCE TEST - UNSPECIFIED,TEST 05B,1,RENAULT,ALLIANCE,1983,FOUR DOOR SEDAN,897,47.30,1636,1524,0,406,419,0,0,0,0,12FDEW4,rigid flat
650,1983-03-08,FMVSS COMPLIANCE TEST - UNSPECIFIED,TEST 06B,1,MAZDA,626,1983,FOUR DOOR SEDAN,1045,47.50,1671,1397,0,483,495,0,0,0,0,12FDEW4,rigid flat
651,1983-03-11,FMVSS COMPLIANCE TEST - UNSPECIFIED,TEST 07B,1,TOYOTA,TERCEL,1983,STATION WAGON,993,47.30,1610,1524,0,394,406,0,0,0,0,12FDEW3,rigid flat
652,1983-04-07,FMVSS COMPLIANCE TEST - UNSPECIFIED,08B,1,FORD,LTD,1983,FOUR DOOR SEDAN,1336,47.50,1748,1575,0,508,533,0,0,0,0,12FDEW4,rigid flat
653,1983-04-12,FMVSS COMPLIANCE TEST - UNSPECIFIED,TEST 09B,1,DODGE,600,1983,FOUR DOOR SEDAN,1233,47.30,1722,1626,0,470,495,0,0,0,0,12FDEW4,rigid flat
654,1983-04-19,FMVSS COMPLIANCE TEST - UNSPECIFIED,TEST 10B,1,NISSAN,PULSAR,1983,FIVE DOOR HATCHBACK,830,47.50,1621,1473,0,381,432,0,0,0,0,12FDEW5,rigid flat
655,1983-05-06,FMVSS COMPLIANCE TEST - UNSPECIFIED,TEST 11B,1,CHEVROLET,BLAZER,1983,UTILITY VEHICLE,1336,47.50,1600,1524,0,368,381,0,0,0,0,12FDEW6,rigid flat
656,1983-05-10,FMVSS COMPLIANCE TEST - UNSPECIFIED,TEST 12B,1,MITSUBISHI,PICKUP,1983,PICKUP TRUCK,1114,47.50,1646,1524,0,368,381,0,0,0,0,12FDEW2,rigid flat
657,1983-09-22,FMVSS COMPLIANCE TEST - UNSPECIFIED,TEST 16,1,FORD,TEMPO,1983,FOUR DOOR SEDAN,1115,47.60,1666,1372,0,406,432,0,0,0,0,12FDEW5,rigid flat
658,1983-10-26,FMVSS COMPLIANCE TEST - UNSPECIFIED,TEST 19,1,FORD,MUSTANG,1983,OTHER,1395,47.80,1722,1422,0,381,432,0,0,0,0,12FDEW4,rigid flat
659,1983-11-02,FMVSS COMPLIANCE TEST - UNSPECIFIED,TEST 20,1,CHEVROLET,CELEBRITY,1983,FOUR DOOR SEDAN,1245,47.80,1737,1499,0,483,508,0,0,0,0,12FDEW5,rigid flat
660,1983-05-24,FMVSS COMPLIANCE TEST - UNSPECIFIED,TEST 13B,1,FORD,THUNDERBIRD,1983,TWO DOOR SEDAN,1439,47.60,1732,1524,0,406,457,0,0,0,0,12FDEW4,rigid flat
664,1983-12-13,OCCUPANT PERFORMANCE TEST,3154-5,1,DODGE,DIPLOMAT,1981,FOUR DOOR SEDAN,1917,47.30,1854,0,0,,,,,,,12DEW3,rigid flat
670,1983-08-17,FMVSS COMPLIANCE TEST - UNSPECIFIED,N0214314,1,FORD,BRONCO,1984,UTILITY VEHICLE,1471,47.60,1588,1549,0,432,457,0,0,0,0,12FDEW7,rigid flat
671,1983-09-20,FMVSS COMPLIANCE TEST - UNSPECIFIED,N1615315,1,TOYOTA,CAMRY,1983,FOUR DOOR SEDAN,1088,47.30,1697,1549,0,406,432,0,0,0,0,12FDEW3,rigid flat
672,1983-10-06,FMVSS COMPLIANCE TEST - UNSPECIFIED,N0117317,1,CHEVROLET,CAVALIER,1983,STATION WAGON,1164,47.80,1656,1448,0,483,508,0,0,0,0,12FDEW5,rigid flat
673,1983-10-19,FMVSS COMPLIANCE TEST - UNSPECIFIED,N9918318,1,NISSAN,STANZA,1983,FOUR DOOR SEDAN,1043,47.80,1656,1422,0,406,432,0,0,0,0,12FDEW4,rigid flat
695,1983-12-08,MODIFIED VEHICLE TEST,831208,1,FORD,LTD,1982,FOUR DOOR SEDAN,1998,57.00,1974,1778,0,582,632,650,650,655,612,12FDEW3,rigid flat
750,1984-06-08,BASELINE TEST,840608A,1,FORD,LTD,1979,FOUR DOOR SEDAN,1719,8.20,1981,,90,,,,,,,12FDLW1,rigid flat
751,1984-06-08,BASELINE TEST,840608B,1,FORD,LTD,1979,FOUR DOOR SEDAN,1719,14.60,1981,,90,,,,,,,12FDLW1,rigid flat
752,1984-06-11,BASELINE TEST,840611,1,FORD,LTD,1979,FOUR DOOR SEDAN,1719,11.40,1981,,0,,,,,,,12FDLW1,rigid flat
753,1984-06-25,BASELINE TEST,840625,1,FORD,LTD,1979,FOUR DOOR SEDAN,1798,7.20,1981,,0,,,,,,,12FDLW1,rigid flat
754,1984-06-26,BASELINE TEST,840626,1,FORD,LTD,1979,FOUR DOOR SEDAN,1882,48.30,1981,1946,0,409,536,582,615,589,564,12FDEW3,rigid flat
758,1984-07-26,BASELINE TEST,840726A,1,FORD,LTD,1979,FOUR DOOR SEDAN,1950,7.70,1885,,0,,,,,,,12FDLW1,rigid flat
759,1984-07-26,BASELINE TEST,840726B,1,FORD,LTD,1979,FOUR DOOR SEDAN,1937,19.60,1882,1740,0,117,114,127,112,71,46,12FDEW1,rigid flat
760,1984-08-08,BASELINE TEST,840808A,1,FORD,LTD,1980,FOUR DOOR SEDAN,1932,7.60,1935,,0,,,,,,,12FDLW1,rigid flat
773,1984-09-26,OCCUPANT PERFORMANCE TEST,840926,1,CHEVROLET,CELEBRITY,1983,FOUR DOOR SEDAN,1547,48.10,1524,1524,0,561,584,605,587,554,546,12FDEW2,rigid flat
774,1984-09-14,OTHER,840914A,1,DODGE,DIPLOMAT,1978,TWO DOOR COUPE,1647,14.50,1842,0,0,,,,,,,12FDEW1,rigid flat
775,1984-09-14,OTHER,840914B,1,DODGE,DIPLOMAT,1978,TWO DOOR COUPE,1647,47.60,1842,0,0,,,,,,,12FDEW2,rigid flat
786,1984-12-20,BASELINE TEST,841220,1,DODGE,DIPLOMAT,1983,FOUR DOOR SEDAN,1869,48.10,1692,1689,0,513,549,584,592,559,533,12FDMW1,rigid flat
787,1985-01-10,BASELINE TEST,850110,1,CHEVROLET,IMPALA,1983,FOUR DOOR SEDAN,1939,48.40,1778,1778,0,500,528,584,579,523,490,12FDMW1,rigid flat
822,1985-05-15,MODIFIED VEHICLE TEST,850515,1,CHEVROLET,IMPALA,1981,FOUR DOOR SEDAN,1923,48.30,1938,1786,0,513,569,625,627,566,516,12FDEW2,rigid flat
861,1985-07-22,MODIFIED VEHICLE TEST,850722,1,CHEVROLET,IMPALA,1983,FOUR DOOR SEDAN,1921,48.60,1900,1730,0,523,569,605,597,572,523,12FDEW2,rigid flat
891,1986-01-21,MODIFIED VEHICLE TEST,860121,1,CHEVROLET,IMPALA,1983,FOUR DOOR SEDAN,1927,56.30,1905,1778,0,638,668,732,719,643,594,12FDEW3,rigid flat
940,1986-04-28,MODIFIED VEHICLE TEST,860428,1,CHEVROLET,CAPRICE,1982,FOUR DOOR SEDAN,2044,48.30,1910,1730,0,508,569,635,643,572,521,12FDWE3,rigid flat
941,1986-05-01,MODIFIED VEHICLE TEST,860501,1,DODGE,ARIES,1981,FOUR DOOR SEDAN,1363,48.80,1742,1572,0,503,528,528,536,521,478,12FDWE3,rigid flat
996,1987-02-26,NEW CAR ASSESSMENT TEST,CH0501,1,HYUNDAI,PONY EXCEL,1987,THREE DOOR HATCHBACK,1184,56.60,1605,1435,0,632,622,0,0,0,0,12FDEW3,rigid flat
997,1987-03-04,NEW CAR ASSESSMENT TEST,MH0200,1,FORD,ESCORT,1987,THREE DOOR HATCHBACK,1243,55.80,1674,1430,0,498,528,549,551,526,521,12FDEW3,rigid flat
998,1987-03-05,NEW CAR ASSESSMENT TEST,MH0201,1,MERCURY,TOPAZ,1987,FOUR DOOR SEDAN,1442,56.20,1422,1422,0,536,528,556,551,554,457,12FDEW3,rigid flat
999,1987-03-12,NEW CAR ASSESSMENT TEST,MH0502,1,YUGO,GV,1987,THREE DOOR HATCHBACK,1052,56.20,1346,1384,0,381,414,434,445,447,450,12FDEW3,rigid flat
1010,1987-03-18,NEW CAR ASSESSMENT TEST,MH0303,1,DODGE,DAKOTA,1987,PICKUP TRUCK,1651,56.30,1638,1638,0,577,617,635,627,594,546,12FDEW3,rigid flat
1011,1987-03-19,NEW CAR ASSESSMENT TEST,MH0300,1,PLYMOUTH,VOYAGER VAN,1987,VAN,1660,56.30,1557,1557,0,518,549,564,564,554,523,12FDEW3,rigid flat
1012,1987-03-26,NEW CAR ASSESSMENT TEST,MH0401,1,JEEP,WRANGLER,1987,UTILITY VEHICLE,1642,56.00,1372,1372,0,356,328,356,376,378,432,12FDEW2,rigid flat
1013,1987-04-09,NEW CAR ASSESSMENT TEST,MH5100,1,TOYOTA,CAMRY,1987,FOUR DOOR SEDAN,1474,56.20,1547,1547,0,384,455,493,500,480,434,12FDEW2,rigid flat
1014,1987-04-08,NEW CAR ASSESSMENT TEST,MH5600,1,MITSUBISHI,STARION,1987,THREE DOOR HATCHBACK,1565,56.30,1397,1397,0,536,594,617,630,617,602,12FDEW3,rigid flat
1016,1987-04-22,NEW CAR ASSESSMENT TEST,MH0301,1,DODGE,SHADOW,1987,THREE DOOR HATCHBACK,1361,55.80,1453,1453,0,584,643,648,635,612,551,12FDEW3,rigid flat
1039,1987-05-21,NEW CAR ASSESSMENT TEST,MH0302,1,PLYMOUTH,SUNDANCE,1987,FIVE DOOR HATCHBACK,1383,55.70,1430,1430,0,638,691,706,709,681,638,12FDEW3,rigid flat
1040,1987-04-29,NEW CAR ASSESSMENT TEST,MH0501,1,SAAB,9000,1987,FIVE DOOR HATCHBACK,1597,55.70,1486,1486,0,569,584,607,605,584,556,12FDEW3,rigid flat
1041,1987-04-30,NEW CAR ASSESSMENT TEST,MH5501,1,SUBARU,JUSTY,1987,THREE DOOR HATCHBACK,957,55.80,1461,1461,0,505,495,490,498,500,511,12FDEW3,rigid flat
1042,1987-05-06,NEW CAR ASSESSMENT TEST,MH5700,1,ISUZU,I-MARK,1987,FOUR DOOR SEDAN,1166,56.20,1433,1433,0,500,533,544,549,551,538,12FDEW3,rigid flat
1043,1987-05-20,NEW CAR ASSESSMENT TEST,MH0304,1,CHRYSLER,LE BARON,1987,TWO DOOR SEDAN,1506,56.00,1402,1402,0,691,732,780,752,739,699,12FDEW3,rigid flat
1044,1987-05-04,NEW CAR ASSESSMENT TEST,MH5300,1,ACURA,INTEGRA,1987,THREE DOOR HATCHBACK,1261,55.50,1468,1468,0,538,551,554,566,561,508,12FDEW3,rigid flat
1045,1987-05-05,NEW CAR ASSESSMENT TEST,MH5301,1,HONDA,ACCORD,1987,THREE DOOR HATCHBACK,1324,56.30,1529,1529,0,478,533,544,549,549,528,12FDEW3,rigid flat
1048,1987-05-10,NEW CAR ASSESSMENT TEST,MH5302,1,HYUNDAI,PONY EXCEL,1987,FOUR DOOR SEDAN,1207,57.00,1448,1448,0,538,554,564,564,551,559,12FDEW3,rigid flat
1049,1987-06-18,NEW CAR ASSESSMENT TEST,MH0101,1,OLDSMOBILE,CALAIS,1987,FOUR DOOR SEDAN,1415,55.70,1422,1422,0,493,574,645,658,607,549,12FDEW3,rigid flat
1050,1987-07-13,FMVSS 208 OCCUPANT CRASH PROTECTION,870713,1,BUICK,LESABRE,1987,TWO DOOR SEDAN,1693,47.50,1819,1666,0,617,660,650,688,663,622,12FDEW3,rigid flat
1051,1987-07-14,FMVSS 208 OCCUPANT CRASH PROTECTION,870714,1,OLDSMOBILE,CALAIS,1987,TWO DOOR COUPE,1424,47.50,1717,1448,0,434,475,556,556,521,445,12FDEW2,rigid flat
1052,1987-06-24,NEW CAR ASSESSMENT TEST,MH5800,1,VOLKSWAGEN,FOX,1987,TWO DOOR SEDAN,1184,56.80,1473,1473,0,457,505,521,526,541,544,12FDEW3,rigid flat
1053,1987-07-20,FMVSS 208 OCCUPANT CRASH PROTECTION,870720,1,VOLKSWAGEN,GOLF,1987,FIVE DOOR HATCHBACK,1232,47.50,1656,1410,0,442,470,478,485,465,447,12FDEW2,rigid flat
1054,1987-07-24,FMVSS 208 OCCUPANT CRASH PROTECTION,870724,1,HONDA,ACCORD,1987,THREE DOOR HATCHBACK,1332,47.50,1689,1549,0,391,411,427,427,417,399,12FDEW2,rigid flat
1055,1987-07-27,FMVSS 208 OCCUPANT CRASH PROTECTION,870727,1,MAZDA,626,1987,FOUR DOOR SEDAN,1350,47.50,1681,1461,0,490,508,533,526,513,516,12FDEW2,rigid flat
1056,1987-08-04,FMVSS 208 OCCUPANT CRASH PROTECTION,870804,1,RENAULT,ALLIANCE,1987,TWO DOOR SEDAN,1103,47.60,1628,1468,0,417,419,427,419,406,411,12FDEW2,rigid flat
1057,1987-07-15,NEW CAR ASSESSMENT TEST,MH0100,1,PONTIAC,GRAND AM,1987,TWO DOOR SEDAN,1356,56.60,1486,1486,0,533,594,625,615,574,472,12FDEW3,rigid flat
1058,1987-06-25,NEW CAR ASSESSMENT TEST,MH0500,1,PEUGEOT,505,1987,FOUR DOOR SEDAN,1524,56.30,1562,1562,0,521,577,622,645,635,610,12FDEW3,rigid flat
1060,1987-08-12,FMVSS 208 OCCUPANT CRASH PROTECTION,870812,1,CHRYSLER,LE BARON,1987,TWO DOOR COUPE,1510,47.20,1753,1410,0,622,648,640,655,665,625,12FDEW2,rigid flat
1061,1987-08-19,FMVSS 208 OCCUPANT CRASH PROTECTION,870819,1,MERCURY,LYNX,1987,FIVE DOOR HATCHBACK,1267,47.20,1671,1473,0,356,414,437,437,417,356,12FDEW2,rigid flat
1064,1987-08-31,FMVSS 208 OCCUPANT CRASH PROTECTION,870831,1,SUBARU,XT,1987,TWO DOOR COUPE,1290,47.20,1692,1400,0,460,480,498,500,483,480,12FDEW2,rigid flat
1072,1987-09-11,FMVSS 208 OCCUPANT CRASH PROTECTION,870901,1,HYUNDAI,PONY EXCEL,1987,FIVE DOOR HATCHBACK,1173,47.50,1580,1468,0,414,414,424,422,411,414,12FDEW2,rigid flat
1073,1987-09-16,FMVSS 208 OCCUPANT CRASH PROTECTION,870916,1,TOYOTA,CAMRY,1987,FOUR DOOR SEDAN,1502,47.50,1681,1417,0,323,378,404,396,373,333,12FDEW2,rigid flat
1074,1987-09-23,FMVSS 208 OCCUPANT CRASH PROTECTION,870923,1,YUGO,GV,1988,THREE DOOR HATCHBACK,1035,47.20,1529,1410,0,302,320,325,335,330,320,12FDEW2,rigid flat
1090,1987-10-12,BASELINE TEST,871012,1,CHRYSLER,LE BARON,1987,TWO DOOR SEDAN,1411,47.20,1737,1430,0,605,663,632,615,605,574,12FDEW3,rigid flat
1091,1987-10-13,BASELINE TEST,871013,1,SUBARU,XT,1987,TWO DOOR COUPE,1253,47.50,1697,1392,0,455,493,528,518,508,485,12FDEW3,rigid flat
1092,1987-10-08,BASELINE TEST,RUN 793,1,HYUNDAI,EXCEL GLS,1987,FIVE DOOR HATCHBACK,1207,39.80,1595,1595,0,,,,,,,9999999,rigid flat
1099,1987-10-22,BASELINE TEST,RUN 795,1,TOYOTA,CELICA,1987,TWO DOOR COUPE,1225,40.20,1676,1676,0,,,,,,,9999999,rigid flat
1100,1987-11-03,BASELINE TEST,RUN 796,1,TOYOTA,CELICA,1987,TWO DOOR SEDAN,1247,57.00,1676,1676,0,,,,,,,9999999,rigid flat
1101,1987-11-04,BASELINE TEST,RUN 797,1,HYUNDAI,EXCEL GLS,1987,FIVE DOOR HATCHBACK,1202,56.00,1595,1595,0,,,,,,,9999999,rigid flat
1102,1987-11-03,BASELINE TEST,871103,1,TOYOTA,CAMRY,1987,FOUR DOOR SEDAN,1518,47.60,1702,1499,0,356,381,414,409,378,333,12FDEW2,rigid flat
1103,1987-11-17,OPTIONAL NEW CAR ASSESSMENT TEST,294-1-798,1,FORD,TAURUS,1988,FOUR DOOR SEDAN,1660,56.50,1572,1572,0,445,483,503,523,503,472,12FDEW3,rigid flat
1104,1987-11-18,OPTIONAL NEW CAR ASSESSMENT TEST,294-2-799,1,MERCURY,SABLE,1988,FOUR DOOR SEDAN,1687,56.50,1524,1524,0,447,490,493,483,465,467,12FDEW3,rigid flat
1117,1987-12-17,NEW CAR ASSESSMENT TEST,RUN 803,1,VOLKSWAGEN,FOX,1988,TWO DOOR SEDAN,1225,56.50,1461,1461,0,457,472,485,503,500,498,12FDEW3,rigid flat
1118,1987-12-16,BASELINE TEST,871216,1,FORD,ESCORT,1987,FIVE DOOR HATCHBACK,1280,47.50,1631,1427,0,450,455,465,470,455,417,12FDEW2,rigid flat
1128,1988-01-14,NEW CAR ASSESSMENT TEST,RUN 804,1,VOLKSWAGEN,VANAGON,1988,VAN,1869,56.20,1702,1702,0,345,386,399,406,401,310,12FDEW6,rigid flat
1129,1988-01-19,NEW CAR ASSESSMENT TEST,RUN 805,1,TOYOTA,TERCEL,1988,THREE DOOR HATCHBACK,1120,56.30,1433,1433,0,457,493,493,505,513,508,12FDEW3,rigid flat
1130,1988-01-20,NEW CAR ASSESSMENT TEST,RUN 806,1,TOYOTA,COROLLA,1988,THREE DOOR HATCHBACK,1247,55.70,1435,1435,0,518,556,582,582,572,536,12FDEW3,rigid flat
1131,1988-01-28,NEW CAR ASSESSMENT TEST,RUN 807,1,PEUGEOT,505,1988,FOUR DOOR SEDAN,1588,56.00,1562,1562,0,467,516,556,569,577,544,12FDEW3,rigid flat
1132,1988-02-03,NEW CAR ASSESSMENT TEST,RUN 808,1,PONTIAC,LEMANS,1988,TWO DOOR COUPE,1206,56.30,1384,1384,0,432,462,467,457,445,401,12FDEW3,rigid flat
1133,1988-02-10,NEW CAR ASSESSMENT TEST,RUN 809,1,NISSAN,MAXIMA,1988,FOUR DOOR SEDAN,1673,55.50,1529,1529,0,480,513,533,533,503,483,12FDEW3,rigid flat
1148,1988-02-11,NEW CAR ASSESSMENT TEST,RUN 810,1,NISSAN,PULSAR,1988,THREE DOOR HATCHBACK,1288,55.80,1377,1377,0,643,605,607,607,615,650,12FDEW3,rigid flat
1149,1988-02-16,NEW CAR ASSESSMENT TEST,RUN 811,1,NISSAN,VAN,1988,VAN,1901,56.20,1557,1557,0,518,437,437,445,465,511,12FDEW7,rigid flat
1159,1988-03-29,NEW CAR ASSESSMENT TEST,RUN 818,1,ACURA,LEGEND,1988,FOUR DOOR SEDAN,1683,56.30,1562,1562,0,457,498,513,523,518,493,12FDEW3,rigid flat
1166,1988-03-23,NEW CAR ASSESSMENT TEST,RUN 817,1,VOLVO,740 GLE,1988,FOUR DOOR SEDAN,1610,56.00,1760,1575,0,566,572,582,582,574,574,12FDEW3,rigid flat
1167,1988-04-07,NEW CAR ASSESSMENT TEST,RUN 820,1,CHEVROLET,CORSICA,1988,FOUR DOOR SEDAN,1465,56.60,1727,1328,0,528,635,671,660,655,589,12FDEW3,rigid flat
1173,1988-04-12,NEW CAR ASSESSMENT TEST,RUN 821,1,CHEVROLET,BERETTA,1988,TWO DOOR SEDAN,1520,55.70,1727,1367,0,521,605,645,655,648,607,12FDEW3,rigid flat
1174,1988-04-05,NEW CAR ASSESSMENT TEST,RUN 819,1,OLDSMOBILE,DELTA 88,1988,FOUR DOOR SEDAN,1792,56.30,1829,1651,0,653,688,724,737,683,627,12FDEW3,rigid flat
1175,1988-04-19,NEW CAR ASSESSMENT TEST,RUN 822,1,MAZDA,RX,1988,TWO DOOR SEDAN,1506,56.00,1349,1349,0,559,617,627,605,602,566,12FDEW3,rigid flat
1176,1988-04-21,NEW CAR ASSESSMENT TEST,RUN 823,1,MAZDA,929,1988,FOUR DOOR SEDAN,1778,57.10,1537,1537,0,561,602,617,610,602,569,12FDEW3,rigid flat
1178,1988-04-27,NEW CAR ASSESSMENT TEST,RUN 824,1,SAAB,900,1988,THREE DOOR HATCHBACK,1515,56.80,1763,1379,0,475,531,556,566,549,551,12FDEW3,rigid flat
1186,1988-05-04,NEW CAR ASSESSMENT TEST,RUN 825,1,FORD,TEMPO,1988,FOUR DOOR SEDAN,1397,56.00,1735,1455,0,500,533,511,516,516,516,12FDEW3,rigid flat
1187,1988-05-11,NEW CAR ASSESSMENT TEST,RUN 830,1,FORD,FESTIVA,1988,THREE DOOR HATCHBACK,993,56.00,1605,1422,0,386,419,434,437,445,437,12FDEW3,rigid flat
1188,1988-05-18,NEW CAR ASSESSMENT TEST,RUN 832,1,BUICK,REGAL,1988,TWO DOOR SEDAN,1683,56.50,1824,1562,0,483,602,668,668,635,541,12FDEW3,rigid flat
1189,1988-05-24,NEW CAR ASSESSMENT TEST,RUN 834,1,CHRYSLER,NEW YORKER,1988,FOUR DOOR SEDAN,1656,56.00,1740,1511,0,676,711,737,734,714,711,12FDEW3,rigid flat
1190,1988-06-07,NEW CAR ASSESSMENT TEST,RUN 836,1,RENAULT,MEDALLION,1988,FOUR DOOR SEDAN,1406,56.60,1715,1524,0,541,605,564,528,493,439,12FDEW3,rigid flat
1191,1988-06-23,OPTIONAL NEW CAR ASSESSMENT TEST,RUN 840,1,BUICK,ELECTRA,1988,FOUR DOOR SEDAN,1749,56.20,1636,1636,0,699,754,795,800,782,742,12FDEW3,rigid flat
1193,1988-07-21,FMVSS 208 OCCUPANT CRASH PROTECTION,880721,1,PEUGEOT,505,1988,FOUR DOOR SEDAN,1599,47.20,1699,1613,0,452,523,546,551,554,472,12FDEW3,rigid flat
1194,1988-07-20,FMVSS 208 OCCUPANT CRASH PROTECTION,RUN 843,1,DODGE,DAYTONA,1988,THREE DOOR HATCHBACK,1424,47.50,,,0,,,,,,,9999999,rigid flat
1195,1988-08-05,FMVSS 208 OCCUPANT CRASH PROTECTION,880805,1,NISSAN,MAXIMA,1988,FOUR DOOR SEDAN,1648,47.20,1681,1501,0,363,411,460,455,447,373,12FDEW2,rigid flat
1196,1988-07-27,FMVSS 208 OCCUPANT CRASH PROTECTION,RUN #844,1,HONDA,PRELUDE,1988,TWO DOOR COUPE,1306,47.80,,,0,,,,,,,9999999,rigid flat
1197,1988-08-02,FMVSS 208 OCCUPANT CRASH PROTECTION,RUN 845,1,ACURA,LEGEND,1988,FOUR DOOR SEDAN,1701,48.00,,,0,,,,,,,9999999,rigid flat
1198,1989-03-06,FMVSS 208 OCCUPANT CRASH PROTECTION,890306,1,CHEVROLET,CORSICA,1989,FIVE DOOR HATCHBACK,1454,47.60,1758,1397,0,411,508,546,526,478,389,12FDEW3,rigid flat
1199,1988-08-18,FMVSS 208 OCCUPANT CRASH PROTECTION,880818,1,TOYOTA,CRESSIDA,1988,FOUR DOOR SEDAN,1760,47.20,1702,1595,0,432,457,455,363,450,391,12FDEW2,rigid flat
1200,1988-09-07,FMVSS 208 OCCUPANT CRASH PROTECTION,880907,1,FORD,TEMPO,1988,FOUR DOOR SEDAN,1427,47.00,1748,1427,0,371,368,378,376,376,378,12FDEW2,rigid flat
1201,1988-08-22,CRASH RECORDER TEST,880822-1,1,FORD,TAURUS,1986,FOUR DOOR SEDAN,1591,15.50,1768,1664,0,25,51,76,79,71,48,12FDEW1,rigid flat
1202,1988-08-22,CRASH RECORDER TEST,880822-2,1,FORD,TAURUS,1986,FOUR DOOR SEDAN,1591,31.90,1768,1664,0,170,201,221,224,213,173,12FDEW1,rigid flat
1203,1988-08-22,CRASH RECORDER TEST,880822-3,1,FORD,TAURUS,1986,FOUR DOOR SEDAN,1591,32.30,1768,1664,0,320,353,373,376,366,333,12FDEW2,rigid flat
1204,1988-08-23,CRASH RECORDER TEST,880823-1,1,FORD,TAURUS,1986,FOUR DOOR SEDAN,1591,29.90,1768,1664,0,429,460,483,480,472,432,12FDEW2,rigid flat
1205,1988-08-23,CRASH RECORDER TEST,880823-2,1,FORD,TAURUS,1986,FOUR DOOR SEDAN,1591,48.30,1768,1664,0,737,759,787,772,739,676,12FDEW3,rigid flat
1206,1988-08-16,FMVSS 208 OCCUPANT CRASH PROTECTION,RUN 846,1,ISUZU,IMPULSE,1988,THREE DOOR HATCHBACK,1520,47.30,1656,1656,0,,,,,,,9999999,rigid flat
1207,1988-08-18,FMVSS 208 OCCUPANT CRASH PROTECTION,RUN 847,1,MITSUBISHI,STARION,1988,THREE DOOR HATCHBACK,1569,48.00,1735,1735,0,,,,,,,9999999,rigid flat
1208,1988-08-30,FMVSS 208 OCCUPANT CRASH PROTECTION,RUN 848,1,VOLKSWAGEN,JETTA,1988,FOUR DOOR SEDAN,1275,46.80,1664,1664,0,,,,,,,9999999,rigid flat
1209,1988-09-21,FMVSS 208 OCCUPANT CRASH PROTECTION,880921,1,EAGLE,PREMIER,1988,FOUR DOOR SEDAN,1592,47.20,1763,1524,0,437,429,478,483,442,452,12FDEW2,rigid flat
1211,1988-10-03,FMVSS 208 OCCUPANT CRASH PROTECTION,881003,1,FORD,TEMPO,1988,FOUR DOOR SEDAN,1423,47.20,1740,1425,0,356,373,376,376,386,384,12FDEW2,rigid flat
1212,1988-09-15,FMVSS 208 OCCUPANT CRASH PROTECTION,RUN 850,1,VOLVO,GLE,1988,FOUR DOOR SEDAN,1606,47.30,,,0,,,,,,,9999999,rigid flat
1213,1988-09-27,FMVSS 208 OCCUPANT CRASH PROTECTION,RUN 852,1,FORD,TEMPO,1988,FOUR DOOR SEDAN,1406,47.80,,,0,,,,,,,9999999,rigid flat
1214,1988-09-22,NEW CAR ASSESSMENT TEST,MK0300,1,EAGLE,MEDALLION,1989,FOUR DOOR SEDAN,1433,56.30,1717,1717,0,,,,,,,9999999,rigid flat
1215,1988-10-14,FMVSS 208 OCCUPANT CRASH PROTECTION,881014,1,OLDSMOBILE,CUTLASS,1988,TWO DOOR COUPE,1642,47.20,1793,1445,0,274,323,335,348,358,333,12FDEW2,rigid flat
1216,1988-09-28,CRASH RECORDER TEST,8809281,1,FORD,ESCORT,1985,THREE DOOR HATCHBACK,1254,16.30,1692,1486,0,66,64,74,66,56,41,12FDEW1,rigid flat
1217,1988-09-28,CRASH RECORDER TEST,8809282,1,FORD,ESCORT,1985,THREE DOOR HATCHBACK,1254,31.90,1692,1486,0,305,307,307,292,269,244,12FDEW2,rigid flat
1218,1988-09-28,CRASH RECORDER TEST,8809283,1,FORD,ESCORT,1985,THREE DOOR HATCHBACK,1254,32.00,1692,1486,0,434,437,447,437,424,399,12FDEW3,rigid flat
1219,1988-09-28,CRASH RECORDER TEST,8809284,1,FORD,ESCORT,1985,THREE DOOR HATCHBACK,1254,29.30,1692,1486,0,538,549,554,546,523,480,12FDEW3,rigid flat
1220,1988-09-28,CRASH RECORDER TEST,8809285,1,FORD,ESCORT,1985,THREE DOOR HATCHBACK,1254,31.10,1692,1486,0,729,726,734,724,701,653,12FDEW3,rigid flat
1221,1988-09-28,CRASH RECORDER TEST,8809286,1,FORD,ESCORT,1985,THREE DOOR HATCHBACK,1254,48.30,1692,1486,0,1273,1290,1336,1349,1356,1344,12FDWE5,rigid flat
1223,1988-10-06,NEW CAR ASSESSMENT TEST,RUN 854,1,MITSUBISHI,MIRAGE,1989,FOUR DOOR SEDAN,1302,56.30,1669,1669,0,,,,,,,9999999,rigid flat
1227,1988-09-30,FMVSS 208 OCCUPANT CRASH PROTECTION,RUN 853,1,DODGE,SHADOW,1988,FIVE DOOR HATCHBACK,1406,47.60,,,0,,,,,,,9999999,rigid flat
1228,1988-10-27,FMVSS 208 OCCUPANT CRASH PROTECTION,881027,1,CHEVROLET,BERETTA,1988,TWO DOOR COUPE,1402,47.20,1730,1417,0,457,511,564,582,561,528,12FDEW3,rigid flat
1229,1988-10-17,CRASH RECORDER TEST,881017-1,1,PONTIAC,GRAND AM,1985,TWO DOOR COUPE,1360,16.10,1715,1473,0,38,99,145,145,79,20,12FDEW1,rigid flat
1230,1988-10-17,CRASH RECORDER TEST,881017-2,1,PONTIAC,GRAND AM,1985,TWO DOOR COUPE,1360,32.20,1715,1473,0,180,300,368,366,300,206,12FDEW2,rigid flat
1231,1988-10-17,CRASH RECORDER TEST,881017-3,1,PONTIAC,GRAND AM,1985,TWO DOOR COUPE,1360,32.20,1715,1473,0,315,478,528,528,460,399,12FDEW3,rigid flat
1232,1988-10-17,CRASH RECORDER TEST,881017-4,1,PONTIAC,GRAND AM,1985,TWO DOOR COUPE,1360,30.30,1715,1473,0,589,605,645,653,594,541,12FDEW3,rigid flat
1233,1988-10-17,CRASH RECORDER TEST,881017-5,1,PONTIAC,GRAND AM,1985,TWO DOOR COUPE,1360,49.20,1715,1473,0,1003,950,955,955,894,826,12FDEW5,rigid flat
1234,1988-10-27,NEW CAR ASSESSMENT TEST,RUN 858,1,MITSUBISHI,GALANT,1989,FOUR DOOR SEDAN,1479,57.00,1694,1694,0,0,0,0,0,0,0,9999999,rigid flat
1273,1989-01-23,NEW CAR ASSESSMENT TEST,RUN 867,1,DODGE,DAYTONA,1989,THREE DOOR HATCHBACK,1506,55.80,1760,1760,0,,,,,,,9999999,rigid flat
1275,1989-02-06,FMVSS 208 OCCUPANT CRASH PROTECTION,890206,1,PONTIAC,GRAND PRIX,1989,TWO DOOR COUPE,1638,47.60,1824,1524,0,307,421,383,330,284,231,12FDEW2,rigid flat
1282,1989-02-28,NEW CAR ASSESSMENT TEST,RUN 875,1,FORD,THUNDERBIRD,1989,TWO DOOR COUPE,1864,55.80,1847,1847,0,,,,,,,9999999,rigid flat
1283,1989-02-22,FMVSS 208 OCCUPANT CRASH PROTECTION,RUN 874,1,PONTIAC,BONNEVILLE,1989,FOUR DOOR SEDAN,1696,47.20,1831,,0,,,,,,,9999999,rigid flat
1284,1989-02-16,FMVSS 208 OCCUPANT CRASH PROTECTION,RUN 872,1,BUICK,SKYLARK,1989,TWO DOOR COUPE,1424,48.00,1692,,0,,,,,,,9999999,rigid flat
1287,1989-03-03,NEW CAR ASSESSMENT TEST,RUN 876,1,DODGE,SPIRIT,1989,FOUR DOOR SEDAN,1492,56.50,1730,1730,0,,,,,,,9999999,rigid flat
1291,1989-03-13,FMVSS 208 OCCUPANT CRASH PROTECTION,890313,1,DODGE,DIPLOMAT,1989,FOUR DOOR SEDAN,1954,47.50,1885,1676,0,549,526,566,572,541,541,12FDEW2,rigid flat
1292,1989-03-20,FMVSS 208 OCCUPANT CRASH PROTECTION,890320,1,SUBARU,GL,1989,FOUR DOOR SEDAN,1256,47.60,1666,1468,0,353,340,333,361,363,358,12FDEW2,rigid flat
1293,1989-03-27,FMVSS 208 OCCUPANT CRASH PROTECTION,890327,1,AUDI,200,1989,FOUR DOOR SEDAN,1775,47.20,1806,1544,0,513,579,630,615,577,521,12FDEW3,rigid flat
1294,1989-03-16,NEW CAR ASSESSMENT TEST,RUN 881,1,EAGLE,PREMIER,1989,FOUR DOOR SEDAN,1615,55.80,1778,1778,0,,,,,,,9999999,rigid flat
1295,1989-03-21,NEW CAR ASSESSMENT TEST,RUN 882,1,CHRYSLER,FIFTH AVENUE,1989,FOUR DOOR SEDAN,1969,55.80,1885,1885,0,,,,,,,9999999,rigid flat
1296,1989-03-23,NEW CAR ASSESSMENT TEST,RUN 883,1,MERCURY,TRACER,1989,FIVE DOOR HATCHBACK,1220,56.50,1656,1656,0,,,,,,,9999999,rigid flat
1299,1989-03-29,NEW CAR ASSESSMENT TEST,RUN 884,1,PLYMOUTH,ACCLAIM,1989,FOUR DOOR SEDAN,1483,55.80,1730,1730,0,,,,,,,9999999,rigid flat
1300,1989-04-03,FMVSS 208 OCCUPANT CRASH PROTECTION,890403,1,SAAB,900,1989,THREE DOOR HATCHBACK,1492,47.60,1676,1374,0,480,495,513,500,472,437,12FDEW2,rigid flat
1301,1989-04-05,FMVSS 208 OCCUPANT CRASH PROTECTION,RUN 885,1,CHRYSLER,CONQUEST,1989,THREE DOOR HATCHBACK,1597,47.30,1684,,0,,,,,,,9999999,rigid flat
1306,1989-04-07,FMVSS 208 OCCUPANT CRASH PROTECTION,RUN 886,1,FORD,TEMPO,1989,FOUR DOOR SEDAN,1456,47.20,1735,,0,,,,,,,9999999,rigid flat
1307,1989-04-10,FMVSS 208 OCCUPANT CRASH PROTECTION,890410,1,TOYOTA,CRESSIDA,1989,FOUR DOOR SEDAN,1755,47.50,1707,1605,0,450,452,450,452,457,447,12FDEW2,rigid flat
1308,1989-04-11,NEW CAR ASSESSMENT TEST,RUN 887,1,FORD,PROBE,1989,THREE DOOR HATCHBACK,1388,55.50,1725,1725,0,,,,,,,9999999,rigid flat
1309,1989-04-13,NEW CAR ASSESSMENT TEST,RUN 888,1,LINCOLN,CONTINENTAL,1989,FOUR DOOR SEDAN,1923,56.00,1847,1847,0,,,,,,,9999999,rigid flat
1312,1989-04-18,NEW CAR ASSESSMENT TEST,RUN 889,1,TOYOTA,COROLLA,1989,FOUR DOOR SEDAN,1275,56.30,1656,1656,0,,,,,,,9999999,rigid flat
1313,1989-04-20,NEW CAR ASSESSMENT TEST,RUN 890,1,TOYOTA,CRESSIDA,1989,FOUR DOOR SEDAN,1787,55.80,1709,1709,0,,,,,,,9999999,rigid flat
1316,1989-04-26,NEW CAR ASSESSMENT TEST,RUN 891,1,HYUNDAI,SONATA,1989,FOUR DOOR SEDAN,1510,55.80,1750,1750,0,,,,,,,9999999,rigid flat
1317,1989-05-01,FMVSS 208 OCCUPANT CRASH PROTECTION,890501,1,MITSUBISHI,PRECIS,1989,FIVE DOOR HATCHBACK,1173,48.00,1613,1397,0,457,450,434,424,404,389,12FDEW2,rigid flat
1319,1989-05-05,FMVSS 208 OCCUPANT CRASH PROTECTION,890505,1,SAAB,9000,1989,FOUR DOOR SEDAN,1657,47.60,1758,1478,0,490,505,541,541,516,478,12FDEW2,rigid flat
1321,1989-05-17,NEW CAR ASSESSMENT TEST,RUN 896,1,AUDI,80,1989,FOUR DOOR SEDAN,1506,56.00,1694,1694,0,,,,,,,9999999,rigid flat
1322,1989-05-18,NEW CAR ASSESSMENT TEST,RUN 897,1,VOLKSWAGEN,FOX,1989,TWO DOOR SEDAN,1197,56.00,1600,1600,0,,,,,,,9999999,rigid flat
1323,1989-05-04,FMVSS 208 OCCUPANT CRASH PROTECTION,RUN 892,1,FORD,ESCORT,1989,THREE DOOR HATCHBACK,1193,47.80,1674,,0,,,,,,,9999999,rigid flat
1324,1989-05-25,FMVSS 208 OCCUPANT CRASH PROTECTION,RUN 899,1,NISSAN,SENTRA,1989,TWO DOOR COUPE,1234,47.60,1641,,0,,,,,,,9999999,rigid flat
1325,1989-05-23,FMVSS 208 OCCUPANT CRASH PROTECTION,RUN 898,1,HYUNDAI,SONATA,1989,FOUR DOOR SEDAN,1533,47.20,1750,,0,,,,,,,9999999,rigid flat
1326,1989-05-31,FMVSS 208 OCCUPANT CRASH PROTECTION,890531,1,DAIHATSU,CHARADE,1989,THREE DOOR HATCHBACK,1015,48.00,1605,1392,0,307,376,381,386,371,302,12FDEW2,rigid flat
1327,1989-06-01,NEW CAR ASSESSMENT TEST,RUN 902,1,PEUGEOT,505,1989,FOUR DOOR SEDAN,1592,56.00,1720,1720,0,,,,,,,9999999,rigid flat
1330,1989-06-06,NEW CAR ASSESSMENT TEST,RUN 903,1,GEO,METRO,1989,THREE DOOR HATCHBACK,934,56.80,1575,1575,0,,,,,,,9999999,rigid flat
1331,1989-06-12,FMVSS 208 OCCUPANT CRASH PROTECTION,RUN 905,1,LINCOLN,CONTINENTAL,1989,FOUR DOOR SEDAN,1919,47.50,1847,,0,,,,,,,9999999,rigid flat
1332,1989-06-08,NEW CAR ASSESSMENT TEST,RUN 904,1,GEO,METRO,1989,FIVE DOOR HATCHBACK,957,56.00,1593,1593,0,,,,,,,9999999,rigid flat
1353,1989-06-27,NEW CAR ASSESSMENT TEST,RUN 908,1,NISSAN,MAXIMA,1989,FOUR DOOR SEDAN,1656,55.50,1760,1760,0,,,,,,,9999999,rigid flat
1354,1989-06-22,FMVSS 208 OCCUPANT CRASH PROTECTION,RUN 906,1,MERCEDES,190,1989,FOUR DOOR SEDAN,1565,47.00,1689,,0,,,,,,,9999999,rigid flat
1360,1989-07-17,FMVSS 208 OCCUPANT CRASH PROTECTION,RUN 912,1,NISSAN,PULSAR,1989,THREE DOOR HATCHBACK,1442,47.50,1679,,0,,,,,,,9999999,rigid flat
1361,1989-07-11,OPTIONAL NEW CAR ASSESSMENT TEST,RUN 911,1,NISSAN,PICKUP,1989,PICKUP TRUCK,1510,56.30,1689,1689,0,,,,,,,9999999,rigid flat
1363,1989-06-29,NEW CAR ASSESSMENT TEST,RUN 909,1,NISSAN,240 SX,1989,THREE DOOR HATCHBACK,1415,56.00,1689,1689,0,,,,,,,9999999,rigid flat
1364,1989-08-17,OPTIONAL NEW CAR ASSESSMENT TEST,RUN 918,1,AUDI,100,1989,FOUR DOOR SEDAN,1719,56.30,1814,1814,0,,,,,,,9999999,rigid flat
1375,1989-11-17,FMVSS 208 OCCUPANT CRASH PROTECTION,891117,1,CHEVROLET,CAPRICE,1990,FOUR DOOR SEDAN,1946,47.50,1933,1816,0,546,566,615,607,554,538,12FDEW2,rigid flat
1377,1989-11-21,NEW CAR ASSESSMENT TEST,RUN 938,1,MAZDA,MIATA,1990,CONVERTIBLE,1166,56.60,1674,1674,0,,,,,,,9999999,rigid flat
1378,1989-12-07,FMVSS 208 OCCUPANT CRASH PROTECTION,891207,1,CHEVROLET,LUMINA,1990,FOUR DOOR SEDAN,1662,47.60,1778,1438,0,411,437,490,544,434,396,12FDEW2,rigid flat
1379,1989-12-14,NEW CAR ASSESSMENT TEST,RUN 947,1,NISSAN,STANZA,1990,FOUR DOOR SEDAN,1483,56.30,1697,1697,0,,,,,,,9999999,rigid flat
1380,1989-11-29,NEW CAR ASSESSMENT TEST,RUN 941,1,TOYOTA,4RUNNER,1990,UTILITY VEHICLE,2055,56.20,1689,1689,0,,,,,,,9999999,rigid flat
1381,1989-12-01,NEW CAR ASSESSMENT TEST,RUN 942,1,LEXUS,ES250,1990,FOUR DOOR SEDAN,1710,56.50,1699,1699,0,,,,,,,9999999,rigid flat
1382,1989-12-12,FMVSS 208 OCCUPANT CRASH PROTECTION,RUN 946,1,FORD,CROWN VICTORIA,1990,FOUR DOOR SEDAN,2023,47.60,1969,,0,,,,,,,9999999,rigid flat
1383,1990-01-09,NEW CAR ASSESSMENT TEST,RUN 949,1,HYUNDAI,EXCEL GLS,1990,THREE DOOR HATCHBACK,1207,56.30,1608,1608,0,,,,,,,9999999,rigid flat
1384,1990-01-11,FMVSS 208 OCCUPANT CRASH PROTECTION,900111,1,NISSAN,STANZA,1990,FOUR DOOR SEDAN,1482,47.60,1699,1427,0,373,411,434,437,409,386,12FDEW2,rigid flat
1385,1990-01-11,NEW CAR ASSESSMENT TEST,RUN 950,1,FORD,TAURUS,1990,FOUR DOOR SEDAN,1642,56.20,1798,1798,0,,,,,,,9999999,rigid flat
1388,1989-12-22,FMVSS 208 OCCUPANT CRASH PROTECTION,891222,1,PONTIAC,FIREBIRD,1990,THREE DOOR HATCHBACK,1639,47.50,1842,1499,0,490,528,556,544,533,498,12FDEW2,rigid flat
1389,1990-01-04,FMVSS 208 OCCUPANT CRASH PROTECTION,900104,1,TOYOTA,COROLLA,1990,FOUR DOOR SEDAN,1236,47.60,1654,1268,0,406,427,439,439,427,404,12FDEW2,rigid flat
1390,1989-12-06,FMVSS 208 OCCUPANT CRASH PROTECTION,RUN 943,1,FORD,THUNDERBIRD,1990,TWO DOOR SEDAN,1855,47.30,1847,,0,,,,,,,9999999,rigid flat
1397,1990-01-16,NEW CAR ASSESSMENT TEST,RUN 951,1,GEO,PRIZM,1990,FOUR DOOR SEDAN,1266,56.50,1656,1656,0,,,,,,,9999999,rigid flat
1399,1990-01-18,NEW CAR ASSESSMENT TEST,RUN 953,1,TOYOTA,CELICA,1990,TWO DOOR COUPE,1352,55.80,1689,1689,0,,,,,,,9999999,rigid flat
1401,1990-01-30,FMVSS 208 OCCUPANT CRASH PROTECTION,900130,1,MITSUBISHI,PRECIS,1989,FOUR DOOR SEDAN,1193,47.50,1697,1422,0,478,472,460,457,442,442,12FDEW3,rigid flat
1402,1990-01-23,FMVSS 208 OCCUPANT CRASH PROTECTION,RUN 954,1,FORD,MUSTANG,1990,TWO DOOR SEDAN,1556,47.50,1755,,0,,,,,,,9999999,rigid flat
1403,1990-01-25,FMVSS 208 OCCUPANT CRASH PROTECTION,RUN 955,1,FORD,TAURUS,1990,FOUR DOOR SEDAN,1678,47.50,1798,,0,,,,,,,9999999,rigid flat
1411,1990-02-08,FMVSS 208 OCCUPANT CRASH PROTECTION,900208,1,MAZDA,323,1990,FOUR DOOR SEDAN,1243,47.60,1671,1422,0,404,462,442,439,439,419,12FDEW2,rigid flat
1412,1990-03-22,FMVSS 208 OCCUPANT CRASH PROTECTION,900322,1,PLYMOUTH,SUNDANCE,1990,FIVE DOOR HATCHBACK,1417,47.50,1727,1511,0,472,572,599,594,566,490,12FDEW3,rigid flat
1413,1990-03-29,FMVSS 208 OCCUPANT CRASH PROTECTION,900329,1,SUBARU,JUSTY,1990,THREE DOOR HATCHBACK,997,47.60,1534,1473,0,378,389,389,391,368,366,12FDEW2,rigid flat
1414,1990-03-21,FMVSS 208 OCCUPANT CRASH PROTECTION,RUN 973,1,VOLKSWAGEN,FOX,1990,TWO DOOR SEDAN,1207,47.60,1600,,0,,,,,,,9999999,rigid flat
1415,1990-03-15,FMVSS 208 OCCUPANT CRASH PROTECTION,RUN 972,1,PLYMOUTH,LASER,1990,THREE DOOR HATCHBACK,1415,47.20,1689,,0,,,,,,,9999999,rigid flat
1416,1990-03-14,FMVSS 208 OCCUPANT CRASH PROTECTION,RUN 971,1,VOLKSWAGEN,PASSAT,1990,FOUR DOOR SEDAN,1547,47.30,1704,,0,,,,,,,9999999,rigid flat
1418,1990-04-05,FMVSS 208 OCCUPANT CRASH PROTECTION,900405,1,LEXUS,ES250,1990,FOUR DOOR SEDAN,1690,47.60,1702,1575,0,396,417,434,432,406,366,12FDEW2,rigid flat
1419,1990-03-27,NEW CAR ASSESSMENT TEST,RUN 975,1,CHRYSLER,LE BARON,1990,CONVERTIBLE,1588,55.70,1737,1737,0,,,,,,,9999999,rigid flat
1420,1990-04-13,FMVSS 208 OCCUPANT CRASH PROTECTION,900413,1,NISSAN,AXXESS,1990,STATION WAGON,1559,47.50,1681,1524,0,399,450,457,450,422,394,12FDEW2,rigid flat
1435,1990-04-18,NEW CAR ASSESSMENT TEST,RUN 979,1,CHEVROLET,S10 BLAZER,1990,UTILITY VEHICLE,2028,56.30,1661,1661,0,,,,,,,9999999,rigid flat
1436,1990-04-19,NEW CAR ASSESSMENT TEST,RUN 980,1,CHEVROLET,S-10,1990,PICKUP TRUCK,1842,56.30,1643,1643,0,,,,,,,9999999,rigid flat
1437,1990-05-22,NEW CAR ASSESSMENT TEST,RUN 992,1,DODGE,DAKOTA,1990,PICKUP TRUCK,2000,56.00,1737,1737,0,,,,,,,9999999,rigid flat
1438,1990-04-26,NEW CAR ASSESSMENT TEST,RUN 982,1,CADILLAC,DE VILLE,1990,FOUR DOOR SEDAN,1814,56.20,1842,1842,0,,,,,,,9999999,rigid flat
1439,1990-05-15,NEW CAR ASSESSMENT TEST,RUN 989,1,PONTIAC,TRANS SPORT,1990,VAN,2005,56.50,1829,1829,0,,,,,,,9999999,rigid flat
1440,1990-05-04,NEW CAR ASSESSMENT TEST,RUN 985,1,CHEVROLET,CAVALIER,1990,FOUR DOOR SEDAN,1388,56.30,1684,1684,0,,,,,,,9999999,rigid flat
1441,1990-05-24,NEW CAR ASSESSMENT TEST,RUN 993,1,SUBARU,LEGACY,1990,FOUR DOOR SEDAN,1397,56.50,1689,1689,0,,,,,,,9999999,rigid flat
1443,1990-02-19,FMVSS 208 OCCUPANT CRASH PROTECTION,900219,1,CHEVROLET,LUMINA,1990,FOUR DOOR SEDAN,1700,48.00,1806,1433,0,302,427,493,472,406,264,12FDEW2,rigid flat
1444,1990-01-31,FMVSS 208 OCCUPANT CRASH PROTECTION,RUN 957,1,TOYOTA,CELICA,1990,TWO DOOR COUPE,1334,47.60,1689,,0,,,,,,,9999999,rigid flat
1445,1990-02-06,FMVSS 208 OCCUPANT CRASH PROTECTION,RUN 958,1,ACURA,INTEGRA,1990,FOUR DOOR SEDAN,1374,47.50,1715,,0,,,,,,,9999999,rigid flat
1446,1990-02-22,FMVSS 208 OCCUPANT CRASH PROTECTION,900222,1,SUBARU,LEGACY,1990,FOUR DOOR SEDAN,1391,47.50,1684,1511,0,371,439,439,437,434,366,12FDEW2,rigid flat
1447,1990-02-07,FMVSS 208 OCCUPANT CRASH PROTECTION,RUN 959,1,HONDA,CIVIC,1990,FOUR DOOR SEDAN,1193,47.30,1666,,0,,,,,,,9999999,rigid flat
1448,1990-02-13,NEW CAR ASSESSMENT TEST,RUN 962,1,INFINITI,M30,1990,TWO DOOR SEDAN,1742,56.30,1689,1689,0,,,,,,,9999999,rigid flat
1449,1990-02-20,NEW CAR ASSESSMENT TEST,RUN 963,1,LINCOLN,TOWN CAR,1990,FOUR DOOR SEDAN,2091,55.80,1984,1984,0,,,,,,,9999999,rigid flat
1451,1990-02-27,NEW CAR ASSESSMENT TEST,RUN 966,1,ISUZU,AMIGO,1990,UTILITY VEHICLE,1606,56.30,1781,1781,0,,,,,,,9999999,rigid flat
1452,1990-03-08,FMVSS 208 OCCUPANT CRASH PROTECTION,900308,1,DODGE,DYNASTY,1990,FOUR DOOR SEDAN,1650,47.60,1765,1539,0,470,503,521,528,523,483,12FDEW2,rigid flat
1456,1990-03-01,NEW CAR ASSESSMENT TEST,RUN 968,1,VOLKSWAGEN,PASSAT,1990,FOUR DOOR SEDAN,1551,56.00,1704,1704,0,,,,,,,9999999,rigid flat
1458,1990-03-15,FMVSS 208 OCCUPANT CRASH PROTECTION,900315,1,DODGE,SPIRIT,1990,FOUR DOOR SEDAN,1501,47.60,1735,1359,0,417,518,518,516,488,378,12FDEW3,rigid flat
1460,1987-10-13,INVALIDATED TEST,277-010,1,VOLKSWAGEN,FOX,1987,TWO DOOR SEDAN,1197,56.30,1473,,0,0,0,0,0,0,0,9999999,rigid flat
1461,1989-11-15,NEW CAR ASSESSMENT TEST,RUN 978,1,BUICK,LESABRE,1990,TWO DOOR SEDAN,1701,56.20,1839,1839,0,,,,,,,9999999,rigid flat
1465,1990-04-26,FMVSS 208 OCCUPANT CRASH PROTECTION,900426,1,HYUNDAI,PONY EXCEL,1990,THREE DOOR HATCHBACK,1188,47.50,1605,1321,0,429,434,480,442,406,376,12FDEW2,rigid flat
1470,1990-04-03,NEW CAR ASSESSMENT TEST,RUN 977,1,CHRYSLER,IMPERIAL,1990,FOUR DOOR SEDAN,1864,56.30,1875,1875,0,,,,,,,9999999,rigid flat
1496,1990-06-12,NEW CAR ASSESSMENT TEST,RUN 997,1,JEEP,CHEROKEE,1990,UTILITY VEHICLE,1769,56.30,1791,1791,0,,,,,,,9999999,rigid flat
1517,1990-09-26,FMVSS 208 OCCUPANT CRASH PROTECTION,RUN 1013,1,FORD,ESCORT,1991,THREE DOOR HATCHBACK,1252,48.00,1646,,0,,,,,,,9999999,rigid flat
1518,1990-09-28,FMVSS 208 OCCUPANT CRASH PROTECTION,900928,1,CADILLAC,BROUGHAM,1990,LIMOUSINE,2586,47.60,1961,1816,0,587,625,742,742,663,673,12FDEW3,rigid flat
1529,1990-10-16,FMVSS 208 OCCUPANT CRASH PROTECTION,RUN 1014,1,CHEVROLET,CAPRICE,1991,FOUR DOOR SEDAN,2064,47.30,1915,,0,,,,,,,9999999,rigid flat
1532,1990-10-15,FMVSS 208 OCCUPANT CRASH PROTECTION,901015,1,MERCURY,CAPRI,1991,CONVERTIBLE,1325,47.60,1641,1321,0,371,424,475,462,429,399,12FDEW2,rigid flat
1534,1990-11-15,FMVSS 208 OCCUPANT CRASH PROTECTION,901115,1,GEO,METRO,1991,CONVERTIBLE,975,47.60,1588,1326,0,378,439,452,445,437,401,12FDEW3,rigid flat
1540,1990-12-14,FMVSS 208 OCCUPANT CRASH PROTECTION,901214,1,ISUZU,STYLUS,1991,FOUR DOOR SEDAN,1209,47.60,1676,1448,0,338,414,447,452,424,376,12FDEW3,rigid flat
1542,1990-12-27,FMVSS 208 OCCUPANT CRASH PROTECTION,901227,1,BMW,318,1991,TWO DOOR SEDAN,1437,47.50,1651,1473,0,389,411,424,432,419,389,12FDEW2,rigid flat
1547,1991-01-15,FMVSS 208 OCCUPANT CRASH PROTECTION,910115,1,TOYOTA,MR2,1991,TWO DOOR COUPE,1417,47.20,1702,1181,0,432,462,462,488,462,432,12FDEW3,rigid flat
1549,1991-01-21,FMVSS 208 OCCUPANT CRASH PROTECTION,910121,1,PONTIAC,LEMANS,1991,THREE DOOR HATCHBACK,1192,47.20,1656,1377,0,406,488,541,538,508,439,12FDEW3,rigid flat
1550,1990-12-17,FMVSS 208 OCCUPANT CRASH PROTECTION,RUN 1024,1,CHEVROLET,BERETTA,1991,TWO DOOR SEDAN,1442,48.00,1732,,0,,,,,,,9999999,rigid flat
1552,1991-01-18,FMVSS 208 OCCUPANT CRASH PROTECTION,RUN 1028,1,HONDA,ACCORD,1991,FOUR DOOR SEDAN,1447,47.30,1725,,0,,,,,,,9999999,rigid flat
1553,1991-01-25,FMVSS 208 OCCUPANT CRASH PROTECTION,910125,1,NISSAN,SENTRA,1991,FOUR DOOR SEDAN,1236,47.20,1656,1359,0,345,394,414,417,427,389,12FDEW2,rigid flat
1556,1991-02-06,FMVSS 208 OCCUPANT CRASH PROTECTION,910206,1,MITSUBISHI,GALANT,1991,FOUR DOOR SEDAN,1461,47.50,1707,1397,0,470,455,472,472,450,419,12FDEW2,rigid flat
1557,1991-01-28,FMVSS 208 OCCUPANT CRASH PROTECTION,RUN 1030,1,TOYOTA,CELICA,1991,TWO DOOR COUPE,1352,47.50,1704,,0,,,,,,,9999999,rigid flat
1559,1991-02-19,NEW CAR ASSESSMENT TEST,RUN 1039,1,TOYOTA,COROLLA,1991,FOUR DOOR SEDAN,1284,56.30,1656,1656,0,,,,,,,9999999,rigid flat
1566,1991-03-05,FMVSS 208 OCCUPANT CRASH PROTECTION,910305,1,SATURN,SL1,1991,FOUR DOOR SEDAN,1309,47.50,1707,1245,0,335,376,442,439,396,340,12FDEW2,rigid flat
1567,1991-03-11,FMVSS 208 OCCUPANT CRASH PROTECTION,910311,1,HYUNDAI,SCOUPE,1991,TWO DOOR COUPE,1200,47.50,1580,1448,0,414,450,462,460,437,406,12FDEW3,rigid flat
1583,1991-03-08,FMVSS 208 OCCUPANT CRASH PROTECTION,RUN 1043,1,FORD,PROBE,1991,THREE DOOR HATCHBACK,1451,47.50,1725,,0,,,,,,,9999999,rigid flat
1584,1991-03-19,FMVSS 208 OCCUPANT CRASH PROTECTION,RUN 1049,1,DODGE,SHADOW,1991,CONVERTIBLE,1529,47.20,1709,,0,,,,,,,9999999,rigid flat
1587,1991-03-20,FMVSS 208 OCCUPANT CRASH PROTECTION,910320,1,MAZDA,MIATA,1991,CONVERTIBLE,1146,47.50,1646,1156,0,353,465,432,434,483,368,12FDEW3,rigid flat
1598,1991-04-22,FMVSS 208 OCCUPANT CRASH PROTECTION,910422,1,TOYOTA,TERCEL,1991,FOUR DOOR SEDAN,1095,47.50,1631,1461,0,363,427,422,422,401,386,12FDEW2,rigid flat
1599,1991-04-16,FMVSS 208 OCCUPANT CRASH PROTECTION,RUN 1057,1,CHRYSLER,NEW YORKER,1991,FOUR DOOR SEDAN,1778,47.00,1750,,0,,,,,,,9999999,rigid flat
1600,1991-04-25,NEW CAR ASSESSMENT TEST,RUN 1062,1,FORD,TAURUS,1991,STATION WAGON,1774,56.30,1798,1798,0,,,,,,,9999999,rigid flat
1601,1991-04-29,FMVSS 208 OCCUPANT CRASH PROTECTION,910429,1,CHRYSLER,LE BARON,1991,CONVERTIBLE,1567,47.50,1748,1443,0,559,584,610,612,597,559,12FDEW2,rigid flat
1602,1991-04-18,FMVSS 208 OCCUPANT CRASH PROTECTION,RUN 1058,1,VOLKSWAGEN,CORRADO,1991,THREE DOOR HATCHBACK,1347,47.20,1674,,0,,,,,,,9999999,rigid flat
1603,1991-05-06,FMVSS 208 OCCUPANT CRASH PROTECTION,910506,1,BUICK,PARK AVENUE,1991,FOUR DOOR SEDAN,1830,47.50,1875,1613,0,483,579,615,635,574,508,12FDEW3,rigid flat
1605,1991-05-13,FMVSS 208 OCCUPANT CRASH PROTECTION,910513,1,AUDI,100,1991,FOUR DOOR SEDAN,1728,47.50,1819,1626,0,493,569,627,625,551,450,12FDEW3,rigid flat
1609,1991-05-24,FMVSS 208 OCCUPANT CRASH PROTECTION,RUN 1077,1,VOLVO,240,1991,FOUR DOOR SEDAN,1565,46.80,1709,,0,,,,,,,9999999,rigid flat
1610,1991-06-05,FMVSS 208 OCCUPANT CRASH PROTECTION,RUN 1083,1,HONDA,ACCORD,1991,STATION WAGON,1655,47.00,1725,,0,,,,,,,9999999,rigid flat
1613,1991-06-20,FMVSS 208 OCCUPANT CRASH PROTECTION,RUN 1086,1,FORD,MUSTANG,1991,CONVERTIBLE,1583,47.00,1735,,0,,,,,,,9999999,rigid flat
1614,1991-06-18,FMVSS 208 OCCUPANT CRASH PROTECTION,RUN 1085,1,FORD,FESTIVA,1991,THREE DOOR HATCHBACK,966,47.50,1605,,0,,,,,,,9999999,rigid flat
1616,1991-07-19,FMVSS 208 OCCUPANT CRASH PROTECTION,910719,1,INFINITI,G20,1991,FOUR DOOR SEDAN,1470,47.50,1699,1384,0,312,371,381,376,371,320,12FDEW2,rigid flat
1617,1991-07-25,FMVSS 208 OCCUPANT CRASH PROTECTION,910725,1,VOLKSWAGEN,CABRIO,1991,CONVERTIBLE,1253,47.50,1631,1422,0,358,378,396,399,366,368,12FDEW2,rigid flat
1619,1991-07-18,FMVSS 208 OCCUPANT CRASH PROTECTION,RUN 1090,1,TOYOTA,MR2,1991,TWO DOOR COUPE,1492,46.80,1699,,0,,,,,,,9999999,rigid flat
1620,1991-07-17,FMVSS 208 OCCUPANT CRASH PROTECTION,RUN 1089,1,ISUZU,STYLUS,1991,FOUR DOOR SEDAN,1202,47.30,1679,,0,,,,,,,9999999,rigid flat
1625,1991-09-11,FMVSS 208 OCCUPANT CRASH PROTECTION,RUN 1106,1,FORD,CROWN VICTORIA,1992,FOUR DOOR SEDAN,2000,47.30,1981,,0,,,,,,,9999999,rigid flat
1626,1991-08-16,FMVSS 208 OCCUPANT CRASH PROTECTION,RUN 1098,1,BUICK,ROADMASTER,1991,FOUR DOOR SEDAN,2109,47.00,1984,,0,,,,,,,9999999,rigid flat
1627,1991-08-28,FMVSS 208 OCCUPANT CRASH PROTECTION,RUN 1101,1,ACURA,VIGOR,1992,FOUR DOOR SEDAN,1578,47.50,1781,,0,,,,,,,9999999,rigid flat
1632,1991-09-30,FMVSS 208 OCCUPANT CRASH PROTECTION,910930,1,FORD,MUSTANG,1991,CONVERTIBLE,1583,47.50,1755,1524,0,417,452,452,442,409,363,12FDEW2,rigid flat
1637,1991-09-19,FMVSS 208 OCCUPANT CRASH PROTECTION,RUN 1108,1,HONDA,ACCORD,1991,STATION WAGON,1646,47.30,1725,,0,,,,,,,9999999,rigid flat
1655,1991-10-04,FMVSS 208 OCCUPANT CRASH PROTECTION,911004,1,TOYOTA,PASEO,1992,TWO DOOR COUPE,1125,47.50,1638,1270,0,361,376,401,422,376,340,12FDEW2,rigid flat
1657,1991-10-11,FMVSS 208 OCCUPANT CRASH PROTECTION,911011,1,BMW,325 I,1992,FOUR DOOR SEDAN,1624,47.50,1654,1524,0,244,320,389,409,376,305,12FDEW2,rigid flat
1658,1991-10-09,FMVSS 208 OCCUPANT CRASH PROTECTION,RUN 1120,1,OLDSMOBILE,ROYALE,1992,FOUR DOOR SEDAN,1769,47.30,1844,,0,,,,,,,9999999,rigid flat
1660,1991-10-18,FMVSS 208 OCCUPANT CRASH PROTECTION,911018,1,HYUNDAI,ELANTRA,1992,FOUR DOOR SEDAN,1297,47.50,1702,1448,0,381,444,452,432,432,366,12FDEW3,rigid flat
1661,1991-10-25,FMVSS 208 OCCUPANT CRASH PROTECTION,911025,1,MITSUBISHI,DIAMANTE,1992,FOUR DOOR SEDAN,1759,47.60,1773,1702,0,312,378,457,460,399,282,12FDEW2,rigid flat
1662,1991-10-22,FMVSS 208 OCCUPANT CRASH PROTECTION,RUN 1126,1,PLYMOUTH,VOYAGER VAN,1992,VAN,1859,47.60,1829,,0,,,,,,,9999999,rigid flat
1663,1991-11-12,FMVSS 208 OCCUPANT CRASH PROTECTION,RUN 1134,1,CHEVROLET,CAVALIER,1992,TWO DOOR COUPE,1333,47.30,1684,,0,,,,,,,9999999,rigid flat
1664,1991-11-21,FMVSS 208 OCCUPANT CRASH PROTECTION,RUN 1137,1,TOYOTA,CAMRY,1992,FOUR DOOR SEDAN,1560,47.60,1770,,0,,,,,,,9999999,rigid flat
1668,1992-01-08,FMVSS 208 OCCUPANT CRASH PROTECTION,920108,1,FORD,F150 PICKUP,1992,PICKUP TRUCK,2021,47.00,2007,1854,0,358,419,447,447,414,381,12FDEW2,rigid flat
1672,1991-12-12,FMVSS 208 OCCUPANT CRASH PROTECTION,RUN 1145,1,MITSUBISHI,MIRAGE,1992,THREE DOOR HATCHBACK,1165,47.50,1669,1669,0,,,,,,,9999999,rigid flat
1674,1991-12-12,FMVSS 208 OCCUPANT CRASH PROTECTION,911212,1,CHEVROLET,S-10,1992,PICKUP TRUCK,1683,47.20,1664,1461,0,391,434,450,457,439,422,12FDEW3,rigid flat
1680,1992-01-14,FMVSS 208 OCCUPANT CRASH PROTECTION,RUN 1149,1,GEO,STORM,1992,THREE DOOR HATCHBACK,1211,47.60,1694,,0,,,,,,,9999999,rigid flat
1681,1992-01-22,FMVSS 208 OCCUPANT CRASH PROTECTION,920122,1,FORD,CROWN VICTORIA,1992,FOUR DOOR SEDAN,1996,47.20,1976,1570,0,310,305,335,343,345,386,12FDEW2,rigid flat
1683,1992-01-30,FMVSS 208 OCCUPANT CRASH PROTECTION,920130,1,GEO,TRACKER,1992,UTILITY VEHICLE,1320,47.20,1631,1499,0,358,373,328,335,373,340,12FDEW2,rigid flat
1686,1992-02-04,FMVSS 208 OCCUPANT CRASH PROTECTION,RUN 1154,1,CHEVROLET,C1500 PICKUP,1992,PICKUP TRUCK,2013,47.60,1951,,0,,,,,,,,rigid flat
1688,1992-02-05,FMVSS 208 OCCUPANT CRASH PROTECTION,920205,1,FORD,EXPLORER,1992,UTILITY VEHICLE,2127,47.20,1801,1524,0,279,328,343,338,323,282,12FDEW2,rigid flat
1692,1992-02-13,FMVSS 208 OCCUPANT CRASH PROTECTION,920213,1,CHEVROLET,ASTRO,1992,VAN,2187,47.50,1951,1532,0,394,444,460,465,429,376,12FDEW3,rigid flat
1693,1992-02-12,FMVSS 208 OCCUPANT CRASH PROTECTION,RUN 1157,1,JEEP,CHEROKEE,1992,UTILITY VEHICLE,1796,47.60,1791,,0,,,,,,,9999999,rigid flat
1694,1992-02-19,FMVSS 208 OCCUPANT CRASH PROTECTION,920219,1,FORD,CLUBWAGON MPV,1992,VAN,2692,47.20,2019,1676,0,323,363,378,378,363,320,12FDEW3,rigid flat
1698,1992-03-04,FMVSS 208 OCCUPANT CRASH PROTECTION,920304,1,TOYOTA,PICKUP,1992,PICKUP TRUCK,1763,47.20,1697,1529,0,307,343,376,368,356,317,12FDEW2,rigid flat
1699,1992-03-10,FMVSS 208 OCCUPANT CRASH PROTECTION,920310,1,FORD,MUSTANG,1992,CONVERTIBLE,1602,47.20,1778,1524,0,404,411,437,437,411,389,12FDEW2,rigid flat
1702,1992-03-18,FMVSS 208 OCCUPANT CRASH PROTECTION,920318,1,PONTIAC,BONNEVILLE,1992,FOUR DOOR SEDAN,1905,47.30,1885,1575,0,414,462,526,508,442,384,12FDEW3,rigid flat
1703,1992-03-19,FMVSS 208 OCCUPANT CRASH PROTECTION,920319,1,NISSAN,MAXIMA,1992,FOUR DOOR SEDAN,1638,47.50,1765,1321,0,368,409,414,409,384,376,12FDEW2,rigid flat
1707,1992-04-15,FMVSS 208 OCCUPANT CRASH PROTECTION,920415,1,TOYOTA,CAMRY,1992,FOUR DOOR SEDAN,1585,47.50,1778,1524,0,310,394,386,409,442,363,12FDEW2,rigid flat
1719,1992-05-13,FMVSS 208 OCCUPANT CRASH PROTECTION,920513,1,DODGE,RAM 250 VAN,1992,VAN,2162,47.20,2002,1842,0,249,295,323,333,295,274,12FDEW3,rigid flat
1720,1992-05-20,BASELINE TEST,920520,1,ISUZU,PUP,1992,PICKUP TRUCK,1551,47.50,1676,1372,0,295,297,340,345,300,279,12FDEW2,rigid flat
1721,1992-05-22,FMVSS 208 OCCUPANT CRASH PROTECTION,RUN 1185,1,DODGE,RAM 150,1992,PICKUP TRUCK,2100,47.00,,,0,,,,,,,9999999,rigid flat
1725,1992-05-28,FMVSS 208 OCCUPANT CRASH PROTECTION,RUN 1186,1,HONDA,CIVIC,1992,THREE DOOR HATCHBACK,1120,47.60,1699,,0,,,,,,,9999999,rigid flat
1728,1992-06-10,FMVSS 208 OCCUPANT CRASH PROTECTION,920610,1,GEO,TRACKER,1992,OTHER,1324,47.50,1638,1483,0,348,368,366,373,368,345,12FDEW2,rigid flat
1732,1992-06-16,FMVSS 208 OCCUPANT CRASH PROTECTION,RUN 1195,1,CHEVROLET,S10 BLAZER,1992,UTILITY VEHICLE,2013,47.00,1661,,0,,,,,,,9999999,rigid flat
1734,1992-07-01,BASELINE TEST,920701,1,FORD,MUSTANG,1992,CONVERTIBLE,1595,47.50,1768,1473,0,439,455,450,452,409,368,12FDEW2,rigid flat
1740,1992-08-11,FMVSS 208 OCCUPANT CRASH PROTECTION,920811,1,OLDSMOBILE,ACHIEVA,1992,TWO DOOR COUPE,1484,47.50,1740,1478,0,358,389,442,457,447,411,12FDEW2,rigid flat
1750,1992-09-18,FMVSS 208 OCCUPANT CRASH PROTECTION,RUN 1216,1,CHEVROLET,G-10,1992,VAN,2181,48.00,2019,,0,,,,,,,9999999,rigid flat
1751,1992-09-16,FMVSS 208 OCCUPANT CRASH PROTECTION,RUN 1214,1,FORD,PROBE,1993,THREE DOOR HATCHBACK,1347,47.50,1725,,0,,,,,,,9999999,rigid flat
1763,1992-09-30,FMVSS 208 OCCUPANT CRASH PROTECTION,RUN 1218,1,TOYOTA,COROLLA,1993,FOUR DOOR SEDAN,1233,47.30,1656,1656,0,,,,,,,9999999,rigid flat
1768,1992-10-13,FMVSS 208 OCCUPANT CRASH PROTECTION,921013,1,NISSAN,SENTRA,1993,TWO DOOR COUPE,1244,47.20,1671,1270,0,351,373,399,399,419,384,12FDEW2,rigid flat
1769,1992-10-15,FMVSS 208 OCCUPANT CRASH PROTECTION,RUN 1224,1,EAGLE,VISION,1993,FOUR DOOR SEDAN,1655,47.30,1890,1890,0,,,,,,,9999999,rigid flat
1772,1992-10-06,FMVSS 208 OCCUPANT CRASH PROTECTION,921006,1,DODGE,DAKOTA,1993,PICKUP TRUCK,1785,47.20,1808,1605,0,470,577,615,620,577,472,12FDEW3,rigid flat
1773,1992-10-20,FMVSS 208 OCCUPANT CRASH PROTECTION,921020,1,BUICK,CENTURY,1993,FOUR DOOR SEDAN,1602,47.20,1753,1638,0,406,516,536,549,511,432,12FDEW2,rigid flat
1775,1992-10-29,FMVSS 208 OCCUPANT CRASH PROTECTION,RUN 1231,1,FORD,CROWN VICTORIA,1993,FOUR DOOR SEDAN,2018,47.50,1976,1976,0,,,,,,,9999999,rigid flat
1777,1992-11-03,FMVSS 208 OCCUPANT CRASH PROTECTION,921103,1,FORD,TAURUS,1993,FOUR DOOR SEDAN,1723,47.20,1753,1334,0,274,320,312,305,310,279,12FDEW2,rigid flat
1779,1992-11-05,FMVSS 208 OCCUPANT CRASH PROTECTION,RUN 1233,1,BUICK,REGAL,1993,FOUR DOOR SEDAN,1755,47.60,1842,1842,0,,,,,,,9999999,rigid flat
1781,1992-11-12,FMVSS 208 OCCUPANT CRASH PROTECTION,RUN 1236,1,NISSAN,ALTIMA,1993,FOUR DOOR SEDAN,1555,47.60,1704,1704,0,,,,,,,9999999,rigid flat
1794,1992-11-20,FMVSS 208 OCCUPANT CRASH PROTECTION,RUN 1239,1,SATURN,SL1,1993,FOUR DOOR SEDAN,1249,48.00,1717,1717,0,,,,,,,9999999,rigid flat
1795,1992-11-17,FMVSS 208 OCCUPANT CRASH PROTECTION,921117,1,MITSUBISHI,MIRAGE,1993,FOUR DOOR SEDAN,1196,47.20,1689,1384,0,389,412,462,465,422,381,12FDEW2,rigid flat
1796,1992-11-24,FMVSS 208 OCCUPANT CRASH PROTECTION,RUN 1240,1,TOYOTA,PASEO,1993,TWO DOOR COUPE,1133,47.30,1656,1656,0,,,,,,,9999999,rigid flat
1814,1992-12-09,FMVSS 208 OCCUPANT CRASH PROTECTION,921209,1,MAZDA,MX3,1993,TWO DOOR COUPE,1240,47.20,1704,1488,0,312,361,368,371,353,305,12FDEW2,rigid flat
1819,1992-12-17,FMVSS 208 OCCUPANT CRASH PROTECTION,RUN 1244,1,NISSAN,240 SX,1993,THREE DOOR HATCHBACK,1392,47.80,1689,1689,0,,,,,,,9999999,rigid flat
1821,1992-12-23,FMVSS 208 OCCUPANT CRASH PROTECTION,921223,1,MITSUBISHI,3000 GT,1993,TWO DOOR COUPE,1687,47.20,1842,1384,0,348,445,483,526,391,274,12FDEW2,rigid flat
1822,1993-01-21,FMVSS 208 OCCUPANT CRASH PROTECTION,RUN 1250,1,HONDA,CIVIC,1993,TWO DOOR COUPE,1260,47.30,1699,1699,0,,,,,,,9999999,rigid flat
1828,1992-12-30,FMVSS 208 OCCUPANT CRASH PROTECTION,921230,1,TOYOTA,CELICA,1993,TWO DOOR COUPE,1358,47.20,1697,1270,0,345,417,447,452,457,366,12FDEW2,rigid flat
1854,1993-01-13,FMVSS 208 OCCUPANT CRASH PROTECTION,930113,1,CHEVROLET,LUMINA,1993,VAN,1923,47.20,1880,1524,0,445,516,516,526,500,447,12FDEW3,rigid flat
1873,1993-01-21,FMVSS 208 OCCUPANT CRASH PROTECTION,930121,1,NISSAN,PATHFINDER,1993,UTILITY VEHICLE,1932,47.00,1699,1422,0,340,373,386,401,361,318,12FDEW2,rigid flat
1903,1993-04-22,FMVSS 208 OCCUPANT CRASH PROTECTION,RUN 1277,1,PONTIAC,FIREBIRD,1993,THREE DOOR HATCHBACK,1750,47.30,,2538,0,,,,,,,9999999,rigid flat
1905,1993-04-21,FMVSS 208 OCCUPANT CRASH PROTECTION,930421,1,ISUZU,TROOPER II,1993,OTHER,2202,47.20,1737,1524,0,361,404,394,409,381,404,12FDEW2,rigid flat
1907,1993-05-06,FMVSS 208 OCCUPANT CRASH PROTECTION,RUN 1282,1,CADILLAC,FLEETWOOD,1993,FOUR DOOR SEDAN,2258,47.20,1981,1981,0,,,,,,,9999999,rigid flat
1935,1993-04-13,BASELINE TEST,930413-1,1,FORD,TAURUS,1988,FOUR DOOR SEDAN,1495,15.80,1803,813,0,51,56,79,71,36,8,12FYEW1,rigid flat
1936,1993-04-13,BASELINE TEST,930413-2,1,FORD,TAURUS,1988,FOUR DOOR SEDAN,1495,31.90,1803,711,0,165,356,348,239,132,3,12FYEW2,rigid flat
1937,1993-04-13,BASELINE TEST,930413-3,1,FORD,TAURUS,1988,FOUR DOOR SEDAN,1495,32.20,1803,762,0,343,523,516,373,158,41,12FYEW2,rigid flat
1938,1993-04-13,BASELINE TEST,930413-4,1,FORD,TAURUS,1988,FOUR DOOR SEDAN,1495,56.30,1803,813,0,229,940,950,229,173,3,12FYEW3,rigid flat
1948,1993-04-23,BASELINE TEST,930423-1,1,FORD,ESCORT,1987,THREE DOOR HATCHBACK,1135,15.60,1676,648,0,64,99,135,74,48,8,12FYEW1,rigid flat
1949,1993-04-23,BASELINE TEST,930423-2,1,FORD,ESCORT,1987,THREE DOOR HATCHBACK,1135,32.00,1676,787,0,66,406,467,257,13,15,12FYEW2,rigid flat
1950,1993-04-23,BASELINE TEST,930423-3,1,FORD,ESCORT,1987,THREE DOOR HATCHBACK,1135,32.20,1676,838,0,122,371,635,638,244,69,12FYEW2,rigid flat
1951,1993-04-23,BASELINE TEST,930423-4,1,FORD,ESCORT,1987,THREE DOOR HATCHBACK,1135,56.50,1676,838,0,566,907,1168,1179,175,84,12FYAW3,rigid flat
1952,1993-04-30,BASELINE TEST,930430-1,1,HONDA,CIVIC,1993,THREE DOOR HATCHBACK,1060,15.80,1692,737,0,10,41,56,46,30,15,12FYEW1,rigid flat
1953,1993-04-30,BASELINE TEST,930430-2,1,HONDA,CIVIC,1993,THREE DOOR HATCHBACK,1060,32.20,1692,805,0,193,310,386,208,76,246,12FYEW2,rigid flat
1954,1993-04-30,BASELINE TEST,930430-3,1,HONDA,CIVIC,1993,THREE DOOR HATCHBACK,1060,32.00,1692,909,0,99,500,561,198,71,417,12FYAW3,rigid flat
1955,1993-04-30,BASELINE TEST,930430-4,1,HONDA,CIVIC,1993,THREE DOOR HATCHBACK,1060,56.30,1692,922,0,851,958,1090,1044,18,351,12FYAW5,rigid flat
1981,1993-09-30,FMVSS 208 OCCUPANT CRASH PROTECTION,RUN1322,1,MAZDA,626,1994,FOUR DOOR SEDAN,1406,47.50,1750,,0,,,,,,,9999999,rigid flat
1982,1993-09-23,ELECTRIC VEHICLE TEST,930923,1,SOLECTRIA,FORCE,1992,THREE DOOR HATCHBACK,1168,47.60,1576,1372,0,413,419,421,417,439,430,12FDEW3,rigid flat
1985,1993-10-07,FMVSS 208 OCCUPANT CRASH PROTECTION,RUN1325,1,MITSUBISHI,GALANT,1994,FOUR DOOR SEDAN,1442,47.50,1750,1694,0,,,,,,,9999999,rigid flat
1986,1993-09-22,FMVSS 208 OCCUPANT CRASH PROTECTION,930922,1,NISSAN,SENTRA,1994,FOUR DOOR SEDAN,1263,47.20,1656,1321,0,363,386,404,432,409,386,12FDEW2,rigid flat
1992,1993-10-12,FMVSS 208 OCCUPANT CRASH PROTECTION,931012,1,SUZUKI,SWIFT,1994,FOUR DOOR SEDAN,1033,47.20,1590,1321,0,363,404,401,391,381,335,12FDEW2,rigid flat
1994,1993-11-03,FMVSS 208 OCCUPANT CRASH PROTECTION,931103,1,NISSAN,ALTIMA,1994,FOUR DOOR SEDAN,1540,47.20,1692,1486,0,282,340,368,404,399,323,12FDEW2,rigid flat
1999,1993-11-09,FMVSS 208 OCCUPANT CRASH PROTECTION,RUN1340,1,DODGE,SPIRIT,1994,FOUR DOOR SEDAN,1512,47.20,1730,1730,0,,,,,,,9999999,rigid flat
2000,1993-11-10,FMVSS 208 OCCUPANT CRASH PROTECTION,RUN1341,1,HONDA,CIVIC,1994,FOUR DOOR SEDAN,1254,46.80,1699,1699,0,,,,,,,9999999,rigid flat
2001,1993-11-18,FMVSS 208 OCCUPANT CRASH PROTECTION,RUN1343,1,CHRYSLER,NEW YORKER,1994,FOUR DOOR SEDAN,1850,47.60,1750,1750,0,,,,,,,9999999,rigid flat
2005,1993-12-01,FMVSS 208 OCCUPANT CRASH PROTECTION,931201,1,LINCOLN,TOWN CAR,1994,FOUR DOOR SEDAN,2069,47.60,1869,1509,0,305,366,427,488,528,546,12FDEW2,rigid flat
2006,1993-11-08,FMVSS 208 OCCUPANT CRASH PROTECTION,RUN1352,1,FORD,TEMPO,1994,FOUR DOOR SEDAN,1451,47.20,1735,1735,0,,,,,,,9999999,rigid flat
2007,1993-12-16,FMVSS 208 OCCUPANT CRASH PROTECTION,RUN1354,1,CHEVROLET,CAPRICE,1994,FOUR DOOR SEDAN,2111,47.00,1956,1956,0,,,,,,,9999999,rigid flat
2018,1993-11-29,ELECTRIC VEHICLE TEST,931129,1,SEBRING,ZEV,1993,TWO DOOR COUPE,1577,47.20,1695,1290,0,511,565,547,547,529,507,12FDEW3,rigid flat
2019,1993-12-15,FMVSS 208 OCCUPANT CRASH PROTECTION,931215,1,TOYOTA,COROLLA,1994,FOUR DOOR SEDAN,1271,47.60,1689,1219,0,396,401,396,381,373,345,12FDEW2,rigid flat
2020,1994-01-13,FMVSS 208 OCCUPANT CRASH PROTECTION,RUN1358,1,ACURA,INTEGRA,1994,THREE DOOR HATCHBACK,1329,47.80,1709,1709,0,,,,,,,9999999,rigid flat
2022,1993-12-29,FMVSS 208 OCCUPANT CRASH PROTECTION,931229,1,DODGE,DAKOTA,1994,PICKUP TRUCK,1772,47.20,1748,1600,0,429,516,569,556,533,455,12FDEW3,rigid flat
2023,1994-01-12,FMVSS 208 OCCUPANT CRASH PROTECTION,940112,1,DODGE,RAM1500,1994,PICKUP TRUCK,2264,47.20,2029,1981,0,348,450,551,531,511,478,12FDEW3,rigid flat
2028,1994-01-31,FMVSS 208 OCCUPANT CRASH PROTECTION,940131,1,CADILLAC,CONCOURSE,1994,FOUR DOOR SEDAN,2041,47.20,1930,1537,0,391,445,503,523,488,419,12FDEW2,rigid flat
2029,1994-02-10,FMVSS 208 OCCUPANT CRASH PROTECTION,940210,1,MAZDA,929,1994,FOUR DOOR SEDAN,1830,47.20,1511,1461,0,325,363,389,363,325,269,12FDEW2,rigid flat
2031,1994-02-16,FMVSS 208 OCCUPANT CRASH PROTECTION,940216,1,FORD,MUSTANG,1994,TWO DOOR COUPE,1592,47.20,1829,1461,0,264,318,318,312,279,216,12FDEW2,rigid flat
2032,1994-02-08,FMVSS 208 OCCUPANT CRASH PROTECTION,RUN1367,1,HONDA,ACCORD,1994,FOUR DOOR SEDAN,1469,48.00,1781,1781,180,,,,,,,9999999,rigid flat
2036,1994-02-23,FMVSS 208 OCCUPANT CRASH PROTECTION,940223,1,MAZDA,MX6,1994,TWO DOOR COUPE,1362,47.80,1742,1422,0,335,368,361,328,292,234,12FDEW2,rigid flat
2037,1994-03-08,FMVSS 208 OCCUPANT CRASH PROTECTION,RUN1377,1,VOLVO,940,1994,FOUR DOOR SEDAN,1695,47.60,1750,1750,180,4336,4387,4399,4387,4379,4369,12FDEW2,rigid flat
2043,1994-03-02,FMVSS 208 OCCUPANT CRASH PROTECTION,940302,1,FORD,PROBE,1994,THREE DOOR HATCHBACK,1355,47.60,1773,1524,0,175,277,343,386,379,272,12FDEW2,rigid flat
2045,1994-03-16,FMVSS 208 OCCUPANT CRASH PROTECTION,940316,1,CHRYSLER,NEW YORKER,1994,FOUR DOOR SEDAN,1829,47.20,1885,1529,0,361,439,513,513,462,394,12FDEW2,rigid flat
2046,1994-03-17,FMVSS 208 OCCUPANT CRASH PROTECTION,940317,1,CHEVROLET,ASTRO,1994,VAN,2358,47.20,2022,1524,0,455,490,498,488,465,406,12FDEW3,rigid flat
2047,1994-03-15,FMVSS 208 OCCUPANT CRASH PROTECTION,RUN1379,1,FORD,THUNDERBIRD,1994,TWO DOOR SEDAN,1827,47.20,1847,1847,180,,,,,,,12FDEW2,rigid flat
2050,1994-03-22,FMVSS 208 OCCUPANT CRASH PROTECTION,940322,1,GMC,VANDURA,1994,VAN,2712,47.60,2169,1636,0,396,412,429,439,439,396,12FDEW4,rigid flat
2051,1994-03-22,FMVSS 208 OCCUPANT CRASH PROTECTION,RUN1382,1,EAGLE,SUMMIT,1994,STATION WAGON,1528,47.30,1694,1694,180,394,424,437,427,412,376,12FDEW2,rigid flat
2059,1994-03-21,NEW CAR ASSESSMENT TEST,BT94032101,1,NISSAN,ALTIMA,1994,FOUR DOOR SEDAN,1493,56.30,1695,1465,90,415,453,474,470,457,456,9999999,rigid flat
2060,1994-04-18,FMVSS 208 OCCUPANT CRASH PROTECTION,RUN1394,1,ACURA,INTEGRA,1994,THREE DOOR HATCHBACK,1338,47.30,1709,1709,180,102,325,335,379,406,264,12FDEW2,rigid flat
2065,1994-05-19,FMVSS 208 OCCUPANT CRASH PROTECTION,RUN1414,1,BMW,325 I,1994,FOUR DOOR SEDAN,1691,47.20,1697,1697,180,259,333,404,406,366,279,12FDEW2,rigid flat
2069,1994-05-03,FMVSS 208 OCCUPANT CRASH PROTECTION,NEON208,1,DODGE,NEON,1995,FOUR DOOR SEDAN,1260,47.50,1722,1471,0,292,353,381,381,366,353,12FDEW5,rigid flat
2070,1994-04-26,FMVSS 208 OCCUPANT CRASH PROTECTION,T100208,1,TOYOTA,T100,1994,PICKUP TRUCK,1773,47.30,1910,1750,0,376,442,460,462,442,381,12FDEW5,rigid flat
2071,1994-05-05,FMVSS 208 OCCUPANT CRASH PROTECTION,ASTROVAN20,1,CHEVROLET,ASTRO,1994,VAN,1964,47.30,1946,1687,0,371,439,445,442,442,381,12FDEW5,rigid flat
2074,1994-05-25,FMVSS 208 OCCUPANT CRASH PROTECTION,TOYVAN208,1,TOYOTA,PREVIA,1994,VAN,1908,47.30,1811,1621,0,246,229,257,292,287,180,12FDEW5,rigid flat
2080,1994-06-23,FMVSS 208 OCCUPANT CRASH PROTECTION,RUN1422,1,VOLKSWAGEN,GOLF,1994,FIVE DOOR HATCHBACK,1469,46.70,1694,1694,180,272,330,373,389,368,335,12FDEW2,rigid flat
2091,1994-07-12,FMVSS 208 OCCUPANT CRASH PROTECTION,RUN1430,1,DODGE,CARAVAN,1994,VAN,1791,46.80,1694,1694,180,345,439,506,472,412,338,12FDEW2,rigid flat
2099,1994-07-19,FMVSS 208 OCCUPANT CRASH PROTECTION,RUN1432,1,MERCURY,VILLAGER,1994,UTILITY VEHICLE,2041,46.70,-10,1575,0,241,351,379,424,394,272,12FDEW2,rigid flat
2120,1994-08-08,FMVSS 208 OCCUPANT CRASH PROTECTION,RUN1441,1,CHEVROLET,LUMINA,1994,VAN,2026,47.50,1781,1781,180,437,462,485,478,452,404,12FDEW2,rigid flat
2121,1994-09-01,FMVSS 208 OCCUPANT CRASH PROTECTION,RUN1450,1,BMW,318,1994,FOUR DOOR SEDAN,1605,47.60,1697,1697,180,297,371,427,455,391,290,12FDEW2,rigid flat
2123,1994-07-28,FMVSS 208 OCCUPANT CRASH PROTECTION,RUN1433,1,FORD,ASPIRE,1994,THREE DOOR HATCHBACK,1084,47.80,-10,-10,180,325,371,419,445,422,338,12FDEW2,rigid flat
2124,1994-05-31,FMVSS 208 OCCUPANT CRASH PROTECTION,CORSICA208,1,CHEVROLET,CORSICA,1994,FOUR DOOR SEDAN,1467,47.50,1750,1316,0,427,457,554,513,432,389,12FDEW5,rigid flat
2130,1994-08-17,NEW CAR ASSESSMENT TEST,94081701,1,FORD,WINDSTAR,1995,VAN,2005,56.10,1677,1677,0,406,448,467,470,486,463,12FDAW9,rigid flat
2150,1994-07-11,OTHER,940711,1,FORD,F150 PICKUP,1991,PICKUP TRUCK,2375,48.30,2020,1855,0,605,587,566,548,545,477,12FDEW3,rigid flat
2155,1994-11-09,FMVSS 208 OCCUPANT CRASH PROTECTION,941109,1,FORD,WINDSTAR,1995,VAN,1963,47.60,1908,1504,0,328,325,338,335,315,312,12FDEW2,rigid flat
2156,1994-10-26,FMVSS 208 OCCUPANT CRASH PROTECTION,941026,1,MAZDA,323-PROTEGE,1995,FOUR DOOR SEDAN,1290,47.80,1697,1524,0,269,325,348,363,376,328,12FDEW2,rigid flat
2157,1994-10-12,NEW CAR ASSESSMENT TEST,BT94101201,1,HYUNDAI,SONATA,1995,FOUR DOOR SEDAN,1449,56.20,1520,1520,0,518,506,498,506,510,517,12FCAW9,rigid flat
2175,1994-06-07,OTHER,940607-1,1,CHEVROLET,CAPRICE,1990,FOUR DOOR SEDAN,1852,7.70,1974,987,0,5,7,3,16,18,4,12FYEW1,rigid flat
2176,1994-06-07,OTHER,940607-2,1,CHEVROLET,CAPRICE,1990,FOUR DOOR SEDAN,1852,15.80,1974,987,0,58,118,207,134,59,0,12FYEW1,rigid flat
2177,1994-06-07,OTHER,940607-3,1,CHEVROLET,CAPRICE,1990,FOUR DOOR SEDAN,1852,24.00,1974,987,0,85,386,456,409,199,104,12FYEW2,rigid flat
2179,1994-06-07,OTHER,940607-5,1,CHEVROLET,CAPRICE,1990,FOUR DOOR SEDAN,1852,55.50,1974,987,0,1083,1091,1088,1124,1134,205,12FYEW5,rigid flat
2180,1994-06-13,OTHER,940613-1,1,CHEVROLET,SILVERADO,1991,PICKUP TRUCK,1823,16.00,1950,835,0,110,137,199,76,17,108,12FYEW1,rigid flat
2181,1994-06-13,OTHER,940613-2,1,CHEVROLET,SILVERADO,1991,PICKUP TRUCK,1823,24.10,1950,860,0,319,364,442,173,52,232,12FYEW2,rigid flat
2182,1994-06-13,OTHER,940613-3,1,CHEVROLET,SILVERADO,1991,PICKUP TRUCK,1823,24.10,1950,885,0,455,495,557,254,71,297,12FYEW3,rigid flat
2183,1994-06-13,OTHER,940613-4,1,CHEVROLET,SILVERADO,1991,PICKUP TRUCK,1823,24.10,1950,905,0,508,558,620,307,73,323,12FYEW3,rigid flat
2184,1994-06-13,OTHER,940613-5,1,CHEVROLET,SILVERADO,1991,PICKUP TRUCK,1823,55.80,1950,950,0,1210,1233,1270,1247,32,223,12FYEW5,rigid flat
2191,1994-09-07,FMVSS 208 OCCUPANT CRASH PROTECTION,BT94090701,1,SUBARU,LEGACY,1995,FOUR DOOR SEDAN,1404,47.30,1727,1578,0,328,427,452,447,406,318,12FDEW5,rigid flat
2192,1994-09-06,FMVSS 208 OCCUPANT CRASH PROTECTION,BT94090601,1,MITSUBISHI,ECLIPSE,1995,THREE DOOR HATCHBACK,1383,47.30,1735,1448,0,340,385,430,419,420,283,12FDEW5,rigid flat
2194,1994-11-23,FMVSS 208 OCCUPANT CRASH PROTECTION,941123,1,PONTIAC,GRAND AM,1995,TWO DOOR COUPE,1548,47.60,1732,1422,0,168,241,241,307,287,328,12FDEW2,rigid flat
2196,1994-12-16,FMVSS 208 OCCUPANT CRASH PROTECTION,941216,1,CHRYSLER,NEW YORKER,1995,FOUR DOOR SEDAN,1804,47.60,1892,1524,0,353,417,470,460,409,340,12FDEW2,rigid flat
2199,1994-12-22,FMVSS 208 OCCUPANT CRASH PROTECTION,941222,1,BMW,325 I,1994,FOUR DOOR SEDAN,1683,47.60,1679,1524,0,262,345,427,439,361,244,12FDEW2,rigid flat
2201,1995-01-18,FMVSS 208 OCCUPANT CRASH PROTECTION,950118,1,GEO,METRO,1995,THREE DOOR HATCHBACK,995,47.60,1590,1372,0,168,394,455,462,447,394,12FDEW3,rigid flat
2202,1995-01-17,FMVSS 208 OCCUPANT CRASH PROTECTION,BT95011701,1,DODGE,RAM 250 VAN,1995,VAN,2197,47.30,2000,1695,0,249,332,389,384,344,307,12FDEW5,rigid flat
2204,1994-11-18,FMVSS 208 OCCUPANT CRASH PROTECTION,BT94111801,1,NISSAN,MAXIMA,1995,FOUR DOOR SEDAN,1569,46.50,1773,1366,0,243,301,317,316,287,292,12FDEW5,rigid flat
2205,1994-11-15,FMVSS 208 OCCUPANT CRASH PROTECTION,BT94111501,1,ACURA,INTEGRA,1995,THREE DOOR HATCHBACK,1308,47.00,1710,1340,0,317,376,335,380,256,303,12FDEW5,rigid flat
2213,1995-01-25,FMVSS 208 OCCUPANT CRASH PROTECTION,950125,1,CHRYSLER,CIRRUS,1995,FOUR DOOR SEDAN,1621,47.20,1826,1524,0,152,236,279,262,183,124,12FDEW2,rigid flat
2214,1995-02-01,FMVSS 208 OCCUPANT CRASH PROTECTION,950201,1,PONTIAC,SUNFIRE,1995,FOUR DOOR SEDAN,1460,47.60,1732,1219,0,259,277,292,284,251,284,12FDEW2,rigid flat
2229,1995-02-15,FMVSS 208 OCCUPANT CRASH PROTECTION,950215,1,JEEP,CHEROKEE LAREDO,1995,UTILITY VEHICLE,2107,47.20,1803,1524,0,442,455,488,503,483,462,12FDEW3,rigid flat
2230,1995-02-08,FMVSS 208 OCCUPANT CRASH PROTECTION,950208,1,CHEVROLET,C1500 PICKUP,1995,PICKUP TRUCK,2116,47.20,1930,1778,0,422,470,541,541,457,353,12FDEW3,rigid flat
2233,1994-11-10,FMVSS 208 OCCUPANT CRASH PROTECTION,RUN1469,1,MAZDA,MILLENIA,1995,FOUR DOOR SEDAN,1623,47.10,-10,1478,180,206,325,353,363,338,211,12FDEW2,rigid flat
2234,1994-11-14,FMVSS 208 OCCUPANT CRASH PROTECTION,RUN1470,1,CHEVROLET,MONTE CARLO,1995,TWO DOOR SEDAN,1705,47.80,-10,1481,180,389,457,490,511,531,442,12FDEW2,rigid flat
2235,1994-11-15,FMVSS 208 OCCUPANT CRASH PROTECTION,RUN1471,1,BUICK,RIVIERA,1995,TWO DOOR SEDAN,1937,47.50,-10,1346,180,196,285,386,406,297,213,12FDEW2,rigid flat
2241,1994-12-15,FMVSS 208 OCCUPANT CRASH PROTECTION,BT94120501,1,FORD,ESCORT,1995,THREE DOOR HATCHBACK,1272,47.80,1700,1476,0,270,348,347,347,350,272,12FDEW5,rigid flat
2242,1994-12-16,FMVSS 208 OCCUPANT CRASH PROTECTION,BT94121601,1,FORD,CONTOUR,1995,FOUR DOOR SEDAN,1494,48.00,1801,1695,0,246,323,320,310,333,282,12FDEW5,rigid flat
2243,1995-01-20,FMVSS 208 OCCUPANT CRASH PROTECTION,BT95012001,1,PONTIAC,GRAND PRIX,1995,FOUR DOOR SEDAN,1734,47.50,1820,1518,0,218,241,282,235,318,332,12FDEW5,rigid flat
2244,1994-12-22,FMVSS 208 OCCUPANT CRASH PROTECTION,RUN1481,1,FORD,CROWN VICTORIA,1995,FOUR DOOR SEDAN,2002,47.50,0,1562,180,216,249,272,287,302,307,12FDEW2,rigid flat
2245,1995-01-10,FMVSS 208 OCCUPANT CRASH PROTECTION,RUN1484,1,TOYOTA,TERCEL,1995,TWO DOOR COUPE,1088,48.00,0,1367,180,338,381,406,422,394,348,12FDEW3,rigid flat
2246,1995-01-21,FMVSS 208 OCCUPANT CRASH PROTECTION,RUN1489,1,DODGE,AVENGER,1995,TWO DOOR COUPE,1528,47.30,-10,1461,180,175,371,417,429,412,224,12FDEW2,rigid flat
2247,1995-02-15,FMVSS 208 OCCUPANT CRASH PROTECTION,RUN1493,1,HONDA,ODYSSEY,1995,VAN,1775,46.50,-10,1582,180,302,439,493,490,437,305,12FDEW2,rigid flat
2248,1995-02-27,FMVSS 208 OCCUPANT CRASH PROTECTION,950227,1,TOYOTA,AVALON,1995,FOUR DOOR SEDAN,1700,47.20,1798,1511,0,328,434,419,422,406,351,12FDEW2,rigid flat
2251,1994-12-19,ELECTRIC VEHICLE TEST,941219,1,SOLECTRIA,E-10,1995,PICKUP TRUCK,2028,47.20,1689,1415,0,603,635,729,733,671,635,12FDEW3,rigid flat
2255,1994-12-12,FMVSS 208 OCCUPANT CRASH PROTECTION,RUN1479,1,TOYOTA,CAMRY,1995,FOUR DOOR SEDAN,1601,48.00,-10,1453,180,300,445,467,475,460,368,12FDEW2,rigid flat
2256,1995-02-23,FMVSS 208 OCCUPANT CRASH PROTECTION,RUN1496,1,FORD,EXPLORER,1995,UTILITY VEHICLE,2199,47.30,-10,1646,180,406,427,450,450,419,381,12FDEW2,rigid flat
2260,1995-03-13,FMVSS 208 OCCUPANT CRASH PROTECTION,BT95031301,1,LINCOLN,CONTINENTAL,1995,FOUR DOOR SEDAN,2024,47.20,1876,1604,0,311,339,333,333,319,302,12FDEW5,rigid flat
2261,1995-03-21,FMVSS 208 OCCUPANT CRASH PROTECTION,BT95032101,1,NISSAN,SENTRA,1995,FOUR DOOR SEDAN,1268,47.60,1682,1389,0,291,358,380,420,418,400,12FDEW5,rigid flat
2265,1995-04-04,FMVSS 208 OCCUPANT CRASH PROTECTION,RUN1514,1,BMW,525I,1995,FOUR DOOR SEDAN,1880,47.80,-10,1600,180,351,427,460,465,432,353,12FDEW2,rigid flat
2277,1995-05-16,FMVSS 208 OCCUPANT CRASH PROTECTION,BT95051601,1,DODGE,RAM WAGON VAN,1995,VAN,2165,47.40,1971,1854,0,152,173,228,220,176,145,12FDEW5,rigid flat
2279,1995-05-18,FMVSS 208 OCCUPANT CRASH PROTECTION,RUN1527,1,DODGE,CARAVAN,1996,VAN,2054,47.20,,1659,180,343,445,445,455,427,348,12FDEW2,rigid flat
2280,1995-05-31,NEW CAR ASSESSMENT TEST,BT95053101,1,TOYOTA,CAMRY,1995,TWO DOOR SEDAN,1576,56.60,1781,1443,0,464,550,550,504,445,382,12FDEW6,rigid flat
2282,1995-06-05,NEW CAR ASSESSMENT TEST,BT95060501,1,TOYOTA,AVALON,1995,FOUR DOOR SEDAN,1714,56.50,1785,1403,0,498,526,545,563,553,517,12FDEW6,rigid flat
2302,1995-05-22,ELECTRIC VEHICLE TEST,950522,1,SOLECTRIA,FORCE,1995,FOUR DOOR SEDAN,1334,48.10,1565,1424,0,356,464,495,487,471,395,12FDEW3,rigid flat
2303,1995-06-05,ELECTRIC VEHICLE TEST,950605,1,RENAISSANCE,TROPICA,1995,CONVERTIBLE,1267,47.60,1877,1525,0,183,467,720,,,,12FDEW4,rigid flat
2311,1995-07-25,NEW CAR ASSESSMENT TEST,BT95072501,1,CHEVROLET,TAHOE,1995,UTILITY VEHICLE,2678,56.60,1950,1765,0,641,697,615,630,629,546,12FDEW6,rigid flat
2314,1995-10-23,FMVSS 208 OCCUPANT CRASH PROTECTION,BT95102301,1,MITSUBISHI,MIRAGE,1996,TWO DOOR COUPE,1178,47.60,1685,1286,0,326,341,356,335,314,273,12FDEW5,rigid flat
2317,1995-10-18,FMVSS 208 OCCUPANT CRASH PROTECTION,951018,1,PONTIAC,BONNEVILLE,1996,FOUR DOOR SEDAN,1804,47.60,1925,1524,0,483,511,572,584,531,450,12FDEW3,rigid flat
2327,1995-11-16,FMVSS 208 OCCUPANT CRASH PROTECTION,951116,1,VOLVO,850,1996,FOUR DOOR SEDAN,1646,47.60,1760,1524,0,297,346,358,353,338,331,12FDEW2,rigid flat
2329,1993-03-17,OTHER,TC: 93-102,1,HONDA,CIVIC,1993,TWO DOOR COUPE,1137,47.80,,10000,0,1000,1000,1000,1000,1000,1000,9999999,rigid flat
2334,1995-10-30,FMVSS 208 OCCUPANT CRASH PROTECTION,BT95103001,1,LINCOLN,TOWN CAR,1996,FOUR DOOR SEDAN,2070,47.40,1950,1556,0,484,485,496,418,378,352,12FDEW5,rigid flat
2336,1995-12-05,NEW CAR ASSESSMENT TEST,RUN1575,1,DODGE,RAM 250 VAN,1996,VAN,2119,55.70,,1840,180,465,490,520,520,480,440,12FDEW4,rigid flat
2349,1994-10-25,OTHER,941025-1,1,PLYMOUTH,VOYAGER VAN,1992,VAN,1639,7.70,1522,485,0,8,19,21,19,13,9,12FYEW1,rigid flat
2350,1994-10-25,OTHER,941025-2,1,PLYMOUTH,VOYAGER VAN,1992,VAN,1639,15.80,1522,685,0,81,140,182,142,76,19,12FYEW2,rigid flat
2351,1994-10-25,OTHER,941025-3,1,PLYMOUTH,VOYAGER VAN,1992,VAN,1639,15.80,1522,732,0,107,184,270,241,111,7,12FYEW2,rigid flat
2352,1994-10-25,OTHER,941025-4,1,PLYMOUTH,VOYAGER VAN,1992,VAN,1639,32.00,1522,888,0,215,382,518,220,96,312,12FYEW4,rigid flat
2353,1994-10-25,OTHER,941025-5,1,PLYMOUTH,VOYAGER VAN,1992,VAN,1639,56.30,1522,970,0,635,701,891,1016,58,316,12FYEW5,rigid flat
2354,1995-01-19,UNKNOWN,950119-1,1,CHEVROLET,CAPRICE,1992,FOUR DOOR SEDAN,1905,8.50,1980,671,0,3,4,3,7,8,8,12FDEW1,rigid flat
2361,1995-12-12,FMVSS 208 OCCUPANT CRASH PROTECTION,951212,1,SUBARU,IMPREZA,1996,TWO DOOR COUPE,1349,47.60,1707,1524,0,340,335,384,389,378,384,12FDEW2,rigid flat
2362,1995-12-18,FMVSS 208 OCCUPANT CRASH PROTECTION,BT95121801,1,HONDA,CIVIC,1996,FOUR DOOR SEDAN,1229,47.70,1656,1495,0,209,353,369,371,358,254,12FDEW5,rigid flat
2369,1996-01-12,FMVSS 208 OCCUPANT CRASH PROTECTION,960112,1,HYUNDAI,ACCENT,1996,THREE DOOR HATCHBACK,1169,47.60,1603,1524,0,249,282,282,284,295,282,12FDEW2,rigid flat
2374,1996-01-26,FMVSS 208 OCCUPANT CRASH PROTECTION,960126,1,SAAB,900,1996,THREE DOOR HATCHBACK,1535,47.20,1722,1321,0,429,472,470,472,475,447,12FDEW2,rigid flat
2377,1996-02-14,FMVSS 208 OCCUPANT CRASH PROTECTION,960214,1,HYUNDAI,SONATA,1996,FOUR DOOR SEDAN,1517,47.20,1760,1524,0,229,363,444,447,406,348,12FDEW2,rigid flat
2378,1996-02-21,FMVSS 208 OCCUPANT CRASH PROTECTION,960221,1,TOYOTA,4RUNNER,1996,UTILITY VEHICLE,1840,47.20,1692,1524,0,376,422,411,401,368,305,12FDEW2,rigid flat
2380,1993-02-09,OTHER,TC: 93-103,1,PONTIAC,GRAND AM,1993,FOUR DOOR SEDAN,1501,47.80,,10000,0,1000,1000,1000,1000,1000,1000,9999999,rigid flat
2390,1996-02-15,FMVSS 208 OCCUPANT CRASH PROTECTION,BT96021501,1,TOYOTA,CELICA,1996,THREE DOOR HATCHBACK,1379,47.40,1718,1212,0,333,400,404,395,366,356,12FDEW5,rigid flat
2406,1996-02-07,FMVSS 208 OCCUPANT CRASH PROTECTION,960207,1,ISUZU,RODEO,1996,UTILITY VEHICLE,1870,47.20,1664,1422,0,325,378,396,396,386,348,12FDEW2,rigid flat
2412,1996-03-21,FMVSS 208 OCCUPANT CRASH PROTECTION,BT96032101,1,NISSAN,PICKUP,1996,PICKUP TRUCK,1612,47.50,1645,1515,0,336,323,333,330,321,308,12FDEW5,rigid flat
2428,1996-03-22,NEW CAR ASSESSMENT TEST,BT96032201,1,HONDA,CIVIC,1996,TWO DOOR COUPE,1245,56.60,1688,1364,0,406,459,517,532,502,433,12FDEW6,rigid flat
2429,1996-03-28,NEW CAR ASSESSMENT TEST,BT96032801,1,LINCOLN,TOWN CAR,1996,FOUR DOOR SEDAN,2072,56.60,1554,1554,0,620,537,724,752,678,615,12FDEW6,rigid flat
2434,1996-05-01,FMVSS 208 OCCUPANT CRASH PROTECTION,RUN1613,1,DODGE,NEON,1996,FOUR DOOR SEDAN,1365,47.20,,1448,180,310,381,427,439,406,333,12FDEW2,rigid flat
2436,1996-04-23,FMVSS 208 OCCUPANT CRASH PROTECTION,BT96042301,1,BMW,318,1996,TWO DOOR COUPE,1543,47.30,1658,1502,0,280,354,411,408,349,240,12FDEW5,rigid flat
2437,1996-04-29,FMVSS 208 OCCUPANT CRASH PROTECTION,BT96042901,1,FORD,F150 PICKUP,1997,PICKUP TRUCK,2136,47.10,1940,1645,0,408,419,478,496,412,340,12FDEW5,rigid flat
2441,1995-11-21,FMVSS 208 OCCUPANT CRASH PROTECTION,RUN1573,1,JEEP,CHEROKEE,1996,UTILITY VEHICLE,1804,47.20,,1575,180,318,412,427,429,422,262,12FDEW2,rigid flat
2442,1995-12-19,FMVSS 208 OCCUPANT CRASH PROTECTION,RUN1576,1,TOYOTA,TACOMA,1996,PICKUP TRUCK,1449,47.60,,1486,180,279,315,330,345,335,307,12FDEW2,rigid flat
2443,1996-04-17,FMVSS 208 OCCUPANT CRASH PROTECTION,RUN1608,1,NISSAN,PATHFINDER,1996,UTILITY VEHICLE,2095,47.00,,1603,180,302,386,411,419,399,325,12FDEW3,rigid flat
2444,1996-04-23,FMVSS 208 OCCUPANT CRASH PROTECTION,RUN1610,1,ISUZU,TROOPER II,1996,UTILITY VEHICLE,2286,47.30,,65,180,361,381,414,424,406,381,12FDEW2,rigid flat
2449,1996-05-22,FMVSS 208 OCCUPANT CRASH PROTECTION,RUN1625,1,DODGE,INTREPID,1996,FOUR DOOR SEDAN,1836,46.50,,1595,180,279,325,366,378,371,312,12FDEW2,rigid flat
2450,1996-05-31,FMVSS 208 OCCUPANT CRASH PROTECTION,RUN1632,1,FORD,TAURUS,1996,FOUR DOOR SEDAN,1450,46.80,1334,1334,180,318,356,389,394,361,368,12FDEW2,rigid flat
2462,1996-10-29,FMVSS 208 OCCUPANT CRASH PROTECTION,RUN1648,1,LINCOLN,MARK,1997,TWO DOOR SEDAN,1921,46.50,,9999,180,274,432,478,503,462,305,12FDEW2,rigid flat
2463,1996-11-07,FMVSS 208 OCCUPANT CRASH PROTECTION,RUN1650,1,CHRYSLER,SEBRING CONVERTIBLE,1997,CONVERTIBLE,1717,47.20,,9999,180,140,280,330,343,356,224,12FDEW2,rigid flat
2467,1996-10-10,FMVSS 208 OCCUPANT CRASH PROTECTION,961010,1,FORD,EXPEDITION,1997,UTILITY VEHICLE,2513,47.20,1930,1524,0,470,521,561,569,505,391,12FDEW2,rigid flat
2468,1996-10-17,FMVSS 208 OCCUPANT CRASH PROTECTION,961017,1,SATURN,SL1,1997,FOUR DOOR SEDAN,1251,47.30,1698,1220,0,329,338,395,434,415,390,12FDEW2,rigid flat
2469,1996-10-31,FMVSS 208 OCCUPANT CRASH PROTECTION,961031,1,MITSUBISHI,GALANT,1997,FOUR DOOR SEDAN,1483,47.20,1735,1524,0,239,442,424,389,333,254,12FDEW2,rigid flat
2489,1996-10-24,FMVSS 208 OCCUPANT CRASH PROTECTION,BT96102401,1,PONTIAC,GRAND AM,1997,FOUR DOOR SEDAN,1565,47.30,1722,1372,0,335,328,323,373,373,318,12FDEW5,rigid flat
2497,1996-11-06,FMVSS 208 OCCUPANT CRASH PROTECTION,BT96110601,1,CADILLAC,ELDORADO,1997,TWO DOOR COUPE,1968,47.50,1910,1486,0,356,363,430,427,354,284,12FDEW5,rigid flat
2498,1996-11-07,FMVSS 208 OCCUPANT CRASH PROTECTION,BT96110701,1,FORD,E150 VAN,1997,VAN,2474,46.80,1976,1786,0,284,319,371,378,344,301,12FDEW5,rigid flat
2543,1996-09-16,FMVSS 208 OCCUPANT CRASH PROTECTION,TG6C2001,1,HOLDEN,COMMODORE ACCLAIM,1996,FOUR DOOR SEDAN,1677,48.70,1390,0,0,373,379,423,394,398,385,,rigid flat
2558,1997-05-02,FMVSS 208 OCCUPANT CRASH PROTECTION,970502,1,CHEVROLET,S-10,1997,PICKUP TRUCK,1880,47.20,1684,1525,0,347,464,500,512,490,421,12FDEW3,rigid flat
2676,1997-09-26,NEW CAR ASSESSMENT TEST,RUN1718,1,DODGE,STRATUS,1998,FOUR DOOR SEDAN,1581,56.30,1640,1640,180,260,410,555,565,445,345,12FDEW2,rigid flat
2683,1997-10-02,NEW CAR ASSESSMENT TEST,RUN1719,1,DODGE,CARAVAN,1998,VAN,1936,56.60,1950,1720,180,355,445,510,545,590,440,12FDEW2,rigid flat
2684,1997-10-03,NEW CAR ASSESSMENT TEST,RUN1720,1,FORD,RANGER,1998,PICKUP TRUCK,1887,56.30,1785,1635,0,375,430,455,455,435,375,12FDEW2,rigid flat
2688,1997-10-09,NEW CAR ASSESSMENT TEST,RUN1721,1,CHEVROLET,CAVALIER,1998,TWO DOOR COUPE,1435,56.60,1916,1600,180,345,450,535,575,490,320,12FDEW2,rigid flat
2689,1997-10-10,NEW CAR ASSESSMENT TEST,RUN1722,1,CHEVROLET,CAVALIER,1998,FOUR DOOR SEDAN,1455,56.50,1916,1635,180,135,285,410,490,400,305,12FDEW2,rigid flat
2691,1997-10-16,NEW CAR ASSESSMENT TEST,RUN1724,1,FORD,WINDSTAR,1998,VAN,1962,56.50,1887,1800,180,405,505,670,665,495,330,12FDEW3,rigid flat
2708,1997-10-17,NEW CAR ASSESSMENT TEST,RUN1725,1,FORD,CONTOUR,1998,FOUR DOOR SEDAN,1501,56.30,1751,1730,180,285,365,385,380,345,305,12FDEW2,rigid flat
2709,1997-10-24,NEW CAR ASSESSMENT TEST,RUN1728,1,DODGE,NEON,1998,FOUR DOOR SEDAN,1342,56.30,1715,1590,180,420,505,555,555,515,420,12FDEW3,rigid flat
2710,1997-11-07,NEW CAR ASSESSMENT TEST,BT97110701,1,TOYOTA,CAMRY,1998,FOUR DOOR SEDAN,1633,56.50,1784,1727,0,373,483,543,564,509,390,12FDEW6,rigid flat
2726,1997-11-21,NEW CAR ASSESSMENT TEST,RUN1734,1,TOYOTA,COROLLA,1998,FOUR DOOR SEDAN,1323,57.00,1695,1560,180,315,448,485,490,483,365,12FDEW3,rigid flat
2731,1997-11-25,NEW CAR ASSESSMENT TEST,BT97112501,1,FORD,ESCORT,1998,FOUR DOOR SEDAN,1302,56.50,1690,1395,0,363,361,370,361,336,322,12FDEW6,rigid flat
2744,1997-11-24,NEW CAR ASSESSMENT TEST,BT97112401,1,NISSAN,ALTIMA,1998,FOUR DOOR SEDAN,1554,56.60,1528,1498,0,464,521,501,471,402,264,12FDEW6,rigid flat
2746,1997-12-15,NEW CAR ASSESSMENT TEST,RUN 1743,1,TOYOTA,4RUNNER,1998,UTILITY VEHICLE,2107,56.60,1690,1660,180,460,525,550,555,535,470,12FDEW3,rigid flat
2747,1997-12-16,NEW CAR ASSESSMENT TEST,RUN 1744,1,FORD,F150 PICKUP,1998,PICKUP TRUCK,2072,56.20,1991,1935,0,600,645,705,725,625,525,12FDEW3,rigid flat
2748,1997-12-02,NEW CAR ASSESSMENT TEST,RUN 1735,1,FORD,TAURUS,1998,FOUR DOOR SEDAN,1738,56.20,1852,1740,180,305,375,400,405,430,310,12FDEW2,rigid flat
2749,1997-12-03,NEW CAR ASSESSMENT TEST,RUN 1736,1,FORD,EXPLORER,1998,UTILITY VEHICLE,2210,56.30,1783,1645,180,475,500,535,540,530,470,12FDEW3,rigid flat
2750,1997-12-08,NEW CAR ASSESSMENT TEST,RUN 1739,1,CHEVROLET,VENTURE,1998,VAN,2032,56.50,1830,1705,180,435,535,600,615,545,475,12FDEW3,rigid flat
2751,1997-12-09,NEW CAR ASSESSMENT TEST,RUN 1740,1,CHEVROLET,S-10,1998,EXTENDED CAB PICKUP,1868,56.00,1725,1655,0,665,715,785,780,710,600,12FDEW3,rigid flat
2764,1998-01-21,NEW CAR ASSESSMENT TEST,RUN 1745,1,FORD,CROWN VICTORIA,1998,FOUR DOOR SEDAN,2028,56.80,1987,1635,180,555,755,745,750,760,705,12FDEW3,rigid flat
2765,1998-01-22,NEW CAR ASSESSMENT TEST,RUN 1746,1,SATURN,SL2,1998,FOUR DOOR SEDAN,1226,56.60,1694,1545,180,460,560,590,600,575,550,12FDEW3,rigid flat
2766,1998-01-27,NEW CAR ASSESSMENT TEST,RUN 1747,1,TOYOTA,SIENNA,1998,VAN,2049,56.20,1865,1670,180,425,500,560,560,515,460,12FDEW2,rigid flat
2767,1998-01-28,NEW CAR ASSESSMENT TEST,RUN 1748,1,TOYOTA,TACOMA,1998,EXTENDED CAB PICKUP,1914,55.70,1720,1630,0,420,490,415,400,525,495,12FDEW3,rigid flat
2770,1998-02-03,NEW CAR ASSESSMENT TEST,RUN 1749,1,CHEVROLET,SUBURBAN,1998,UTILITY VEHICLE,2844,56.00,1948,1875,180,535,595,650,650,600,535,12FDEW3,rigid flat
2771,1998-02-04,NEW CAR ASSESSMENT TEST,RUN 1750,1,NISSAN,SENTRA,1998,FOUR DOOR SEDAN,1288,56.60,1692,1510,180,445,500,545,551,540,485,12FDEW3,rigid flat
2772,1998-02-10,NEW CAR ASSESSMENT TEST,RUN1751,1,DODGE,DURANGO,1998,UTILITY VEHICLE,2408,56.20,1816,1730,180,490,575,615,625,610,535,12FDEW3,rigid flat
2773,1998-01-27,FMVSS 208 OCCUPANT CRASH PROTECTION,980127,1,PLYMOUTH,VOYAGER VAN,1998,VAN,1870,47.00,1880,1525,0,240,328,360,385,364,334,12FDEW2,rigid flat
2809,1998-02-06,NEW CAR ASSESSMENT TEST,96197-1020,1,CHEVROLET,C1500 PICKUP,1998,EXTENDED CAB PICKUP,2328,56.10,1950,1524,0,657,684,745,750,676,628,12FDEW3,rigid flat
2813,1998-03-06,FMVSS 208 OCCUPANT CRASH PROTECTION,BT98030601,1,NISSAN,ALTIMA,1998,FOUR DOOR SEDAN,1551,47.40,1726,1359,0,383,408,424,395,352,305,12FDEW5,rigid flat
2814,1998-02-17,NEW CAR ASSESSMENT TEST,RUN 1752,1,NISSAN,FRONTIER,1998,EXTENDED CAB PICKUP,1954,56.60,1826,1660,0,505,540,580,585,570,545,12FDEW3,rigid flat
2815,1998-02-18,NEW CAR ASSESSMENT TEST,RUN1753,1,HONDA,ACCORD,1998,TWO DOOR SEDAN,1630,57.00,1785,1710,180,410,505,500,405,465,395,12FDEW2,rigid flat
2820,1998-02-19,NEW CAR ASSESSMENT TEST,980219,1,VOLVO,S70,1998,FOUR DOOR SEDAN,1738,56.30,1752,1524,0,491,547,584,575,560,472,12FDEW3,rigid flat
2821,1998-02-21,NEW CAR ASSESSMENT TEST,9802211030,1,OLDSMOBILE,INTRIGUE,1998,FOUR DOOR SEDAN,1762,56.10,1860,1524,0,500,571,595,567,495,378,12FDEW3,rigid flat
2830,1998-03-26,FMVSS 208 OCCUPANT CRASH PROTECTION,RUN1763,1,JEEP,GRAND CHEROKEE,1998,UTILITY VEHICLE,2024,46.70,1773,1621,180,368,419,439,457,457,381,12FDEW2,rigid flat
2831,1998-04-07,FMVSS 208 OCCUPANT CRASH PROTECTION,RUN1766,1,BUICK,CENTURY,1998,FOUR DOOR SEDAN,1749,48.10,1847,1778,180,333,457,559,587,526,411,12FDEW2,rigid flat
2832,1997-12-22,MODIFIED VEHICLE TEST,971222,1,FORD,TAURUS,1998,FOUR DOOR SEDAN,1738,47.20,1856,1525,0,174,279,287,300,314,234,9999999,rigid flat
2833,1998-03-31,FMVSS 208 OCCUPANT CRASH PROTECTION,RUN1764,1,FORD,ESCORT,1998,FOUR DOOR SEDAN,1293,47.60,1681,1499,180,216,262,305,343,335,262,12FDEW2,rigid flat
2836,1998-02-23,MODIFIED VEHICLE TEST,980223,1,HONDA,ACCORD,1998,FOUR DOOR SEDAN,1541,47.70,1790,1525,0,254,456,570,475,390,280,12FDEW3,rigid flat
2837,1998-02-11,MODIFIED VEHICLE TEST,980211,1,TOYOTA,CAMRY,1998,FOUR DOOR SEDAN,1581,47.60,,1524,0,289,385,420,427,407,294,9999999,rigid flat
2838,1998-02-02,MODIFIED VEHICLE TEST,980202,1,DODGE,NEON,1998,FOUR DOOR SEDAN,1360,47.20,1684,1400,0,310,369,415,404,358,310,9999999,rigid flat
2839,1998-01-19,MODIFIED VEHICLE TEST,980119,1,FORD,EXPLORER,1998,UTILITY VEHICLE,2092,47.00,1785,1524,0,359,373,392,396,373,357,9999999,rigid flat
2850,1997-10-08,MODIFIED VEHICLE TEST,TC97-202,1,CHEVROLET,CAVALIER,1997,FOUR DOOR SEDAN,1419,48.40,1392,1378,0,316,449,459,451,413,336,9999999,rigid flat
2851,1997-10-10,MODIFIED VEHICLE TEST,TC97-203,1,CHEVROLET,CAVALIER,1997,FOUR DOOR SEDAN,,47.90,1392,1375,0,350,467,502,525,442,301,9999999,rigid flat
2852,1997-10-23,MODIFIED VEHICLE TEST,TC97-207,1,MERCURY,MYSTIQUE,1997,FOUR DOOR SEDAN,1516,47.40,1699,1373,0,277,335,367,362,332,301,9999999,rigid flat
2853,1998-10-27,MODIFIED VEHICLE TEST,TC97-201,1,MERCURY,MYSTIQUE,1997,FOUR DOOR SEDAN,1519,47.50,1699,1435,0,243,293,317,332,315,279,9999999,rigid flat
2854,1997-10-29,OTHER,TC97-165,1,FORD,ESCORT,1997,FOUR DOOR SEDAN,1321,47.50,1415,1322,0,274,299,302,290,266,236,9999999,rigid flat
2855,1997-10-31,OTHER,TC97-161,1,PONTIAC,GRAND PRIX,1997,FOUR DOOR SEDAN,1725,47.70,1390,1531,0,319,435,496,484,482,395,9999999,rigid flat
2856,1997-11-04,OTHER,TC97-164,1,VOLKSWAGEN,JETTA,1997,FOUR DOOR SEDAN,1453,47.70,1425,1475,0,340,382,398,384,354,305,9999999,rigid flat
2857,1997-11-06,OTHER,TC97-162,1,TOYOTA,CAMRY,1997,FOUR DOOR SEDAN,1610,47.40,1780,1634,0,-974,248,404,444,482,456,9999999,rigid flat
2858,1998-11-10,OTHER,TC98-102,1,NISSAN,ALTIMA,1998,FOUR DOOR SEDAN,1510,47.90,1754,1492,0,350,401,409,397,452,319,9999999,rigid flat
2859,1998-11-12,OTHER,TC98-201,1,TOYOTA,COROLLA,1998,FOUR DOOR SEDAN,1250,47.60,1695,1414,0,359,422,452,456,434,387,9999999,rigid flat
2860,1997-11-14,OTHER,TC98-205,1,TOYOTA,TACOMA,1998,PICKUP TRUCK,1595,47.60,1580,1531,0,355,404,419,418,407,349,9999999,rigid flat
2861,1997-11-24,OTHER,TC98-108,1,DODGE,NEON,1998,TWO DOOR COUPE,1301,47.60,1710,1405,0,370,443,486,512,402,309,9999999,rigid flat
2862,1998-11-26,OTHER,TC98-103,1,HONDA,ACCORD,1998,FOUR DOOR SEDAN,1530,47.90,1785,1523,0,270,406,399,385,361,258,9999999,rigid flat
2864,1998-01-21,OTHER,TC98-106,1,FORD,EXPLORER,1998,UTILITY VEHICLE,2058,47.10,1783,1488,0,364,402,390,392,360,310,9999999,rigid flat
2865,1998-01-23,OTHER,TC98-105,1,PLYMOUTH,VOYAGER VAN,1998,VAN,1868,47.70,,1517,0,174,265,328,373,400,322,9999999,rigid flat
2866,1997-01-28,OTHER,TC98-111,1,MAZDA,626,1998,FOUR DOOR SEDAN,1442,47.60,1400,1443,0,244,298,315,312,290,231,9999999,rigid flat
2867,1998-01-30,OTHER,TC98-112,1,NISSAN,FRONTIER,1998,PICKUP TRUCK,1595,48.20,1689,1541,0,354,388,416,422,407,388,9999999,rigid flat
2868,1998-03-19,FMVSS COMPLIANCE TEST - UNSPECIFIED,UN8-635,1,FORD,F150 PICKUP,1998,PICKUP TRUCK,2135,47.70,2019,1757,0,390,474,524,521,471,372,,rigid flat
2869,1998-02-17,FMVSS COMPLIANCE TEST - UNSPECIFIED,TC98-110,1,DODGE,DURANGO,1998,UTILITY VEHICLE,2413,48.10,1816,1618,0,399,480,514,516,495,427,,rigid flat
2895,1998-05-21,FMVSS 208 OCCUPANT CRASH PROTECTION,RUN1767,1,CHEVROLET,VENTURE,1998,VAN,2028,46.70,1829,1742,180,442,475,485,480,414,318,12FDEW2,rigid flat
2996,1998-11-24,NEW CAR ASSESSMENT TEST,RUN1792,1,TOYOTA,4RUNNER,1999,UTILITY VEHICLE,2070,56.50,1800,1760,180,534,599,609,595,583,533,12FDEW3,rigid flat
2997,1999-05-04,NEW CAR ASSESSMENT TEST,990504,1,DODGE,GRAND CARAVAN,1999,VAN,2011,56.30,1940,1524,0,414,590,574,561,526,322,12FDEW4,rigid flat
3013,1998-12-15,NEW CAR ASSESSMENT TEST,RUN1797,1,DODGE,DURANGO,1999,UTILITY VEHICLE,2393,56.60,1811,99999,180,535,598,622,626,622,592,12FDEW3,rigid flat
3016,1998-12-21,NEW CAR ASSESSMENT TEST,RUN1798,1,FORD,MUSTANG,1999,TWO DOOR COUPE,1603,56.60,1832,1200,180,542,572,578,610,606,601,12FDEW3,rigid flat
3022,1999-01-07,NEW CAR ASSESSMENT TEST,RUN1800,1,JEEP,CHEROKEE,1999,UTILITY VEHICLE,1850,56.50,1699,99999,180,459,536,559,547,532,435,12FDEW3,rigid flat
3023,1998-12-22,NEW CAR ASSESSMENT TEST,RUN1799,1,DODGE,RAM,1999,PICKUP TRUCK,2495,56.20,2035,2040,0,576,646,700,700,656,583,12FDEW3,rigid flat
3031,1999-01-11,NEW CAR ASSESSMENT TEST,RUN1801,1,SUBARU,FORESTER,1999,UTILITY VEHICLE,1654,56.30,1702,1365,180,536,577,597,546,585,540,12FDEW3,rigid flat
3032,1999-01-18,NEW CAR ASSESSMENT TEST,RUN1802,1,CHEVROLET,BLAZER,1999,UTILITY VEHICLE,2172,56.50,1722,1670,180,526,597,644,655,617,541,12FDEW3,rigid flat
3044,1999-01-19,NEW CAR ASSESSMENT TEST,RUN1803,1,CHEVROLET,S-10,1999,PICKUP TRUCK,1885,56.20,1725,99999,0,616,689,751,744,667,556,12FDEW2,rigid flat
3046,1999-02-11,NEW CAR ASSESSMENT TEST,RUN1810,1,FORD,F150 PICKUP,1999,PICKUP TRUCK,2062,55.80,2019,2019,0,615,739,759,786,732,625,12FDEW3,rigid flat
3047,1999-02-16,NEW CAR ASSESSMENT TEST,RUN1810,1,JEEP,WRANGLER,1999,UTILITY VEHICLE,1787,56.20,1694,1560,180,398,506,545,584,617,533,12FDEW3,rigid flat
3053,1999-02-09,NEW CAR ASSESSMENT TEST,RUN1809,1,BUICK,CENTURY,1999,FOUR DOOR SEDAN,1748,56.20,1845,1400,180,418,502,610,695,590,483,12FDEW3,rigid flat
3057,1999-03-09,NEW CAR ASSESSMENT TEST,RUN1813,1,JEEP,GRAND CHEROKEE,1999,UTILITY VEHICLE,2135,56.30,,1400,180,489,550,553,477,441,368,12FDEW2,rigid flat
3063,1999-04-01,NEW CAR ASSESSMENT TEST,RUN1815,1,NISSAN,PATHFINDER,1999,UTILITY VEHICLE,2140,56.50,1746,1746,180,428,615,620,607,619,402,12FDEW3,rigid flat
3069,1998-11-24,RESEARCH SAFETY VEHICLE TEST,TC98-216,1,FORD,WINDSTAR,1998,VAN,1948,47.75,1341,1579,0,698,416,389,370,372,408,9999999,rigid flat
3090,1999-05-05,RESEARCH SAFETY VEHICLE TEST,TC99-147,1,FORD,WINDSTAR,1999,VAN,2036,47.41,1946,1650,0,353,518,523,514,533,298,9999999,rigid flat
3122,1999-06-28,BASELINE TEST,990628-1,1,DODGE,INTREPID,1999,FOUR DOOR SEDAN,1691,40.40,1905,1525,0,160,192,367,318,255,66,12FDEW2,rigid flat
3150,1999-06-28,BASELINE TEST,990628-2,1,FORD,TAURUS,2000,FOUR DOOR SEDAN,1727,48.10,1857,1525,0,212,337,310,331,326,261,12FDEW2,rigid flat
3187,1999-08-31,NEW CAR ASSESSMENT TEST,RUN1831,1,SATURN,LS,2000,FOUR DOOR SEDAN,1562,56.30,1754,1746,180,416,560,575,537,479,357,12FDEW2,rigid flat
3188,1999-09-02,NEW CAR ASSESSMENT TEST,RUN1832,1,HONDA,ACCORD,2000,FOUR DOOR SEDAN,1584,56.30,1785,1785,180,450,496,469,516,459,364,12FDEW2,rigid flat
3214,1999-11-30,NEW CAR ASSESSMENT TEST,RUN1843,1,CHEVROLET,SILVERADO,2000,EXTENDED CAB PICKUP,2286,56.30,1310,1700,0,449,561,651,681,626,556,12FDEW3,rigid flat
3216,1999-11-24,NEW CAR ASSESSMENT TEST,RUN1842,1,DODGE,CARAVAN,2000,MINIVAN,1661,56.30,1950,1836,180,301,501,493,504,549,378,12FDEW3,rigid flat
3219,1999-12-03,NEW CAR ASSESSMENT TEST,RUN1845,1,LINCOLN,TOWN CAR,2000,FOUR DOOR SEDAN,2079,56.50,1987,1987,180,665,672,699,701,672,656,12FDEW3,rigid flat
3221,1999-12-14,NEW CAR ASSESSMENT TEST,RUN1848,1,ISUZU,RODEO,2000,UTILITY VEHICLE,2107,56.16,1784,1500,180,405,445,469,475,443,400,12FDEW2,rigid flat
3250,1999-12-21,NEW CAR ASSESSMENT TEST,RUN1849,1,SATURN,SL2,2000,FOUR DOOR SEDAN,1250,56.60,1686,1686,180,439,500,556,564,541,526,12FDEW3,rigid flat
3251,2000-01-14,NEW CAR ASSESSMENT TEST,RUN1854,1,TOYOTA,CAMRY,2000,FOUR DOOR SEDAN,1656,56.49,1785,1500,180,308,429,488,495,460,375,12FDEW2,rigid flat
3262,2000-01-19,NEW CAR ASSESSMENT TEST,RUN1855,1,CHRYSLER,LHS,2000,FOUR DOOR SEDAN,1807,56.50,1890,1890,180,316,444,551,541,448,292,12FDEW2,rigid flat
3264,2000-01-13,NEW CAR ASSESSMENT TEST,RUN1853,1,MERCURY,VILLAGER,2000,VAN,2087,56.90,1903,1903,180,388,465,537,541,542,515,12FDEW3,rigid flat
3274,2000-01-21,NEW CAR ASSESSMENT TEST,RUN1856,1,BUICK,LESABRE,2000,FOUR DOOR SEDAN,1862,56.50,1867,1867,180,443,467,487,487,479,459,12FDEW3,rigid flat
3278,2000-02-08,NEW CAR ASSESSMENT TEST,RUN1859,1,NISSAN,MAXIMA,2000,FOUR DOOR SEDAN,1718,56.65,1205,1300,180,465,509,510,521,522,468,12FDEW2,rigid flat
3281,2000-02-11,NEW CAR ASSESSMENT TEST,RUN1860,1,NISSAN,ALTIMA,2000,FOUR DOOR SEDAN,1576,56.80,1754,1754,180,505,555,595,587,555,471,12FDEW2,rigid flat
3282,2000-02-22,NEW CAR ASSESSMENT TEST,RUN1862,1,CADILLAC,DE VILLE,2000,FOUR DOOR SEDAN,2050,57.00,1943,1943,180,412,501,581,581,521,443,12FDEW3,rigid flat
3295,2000-03-22,NEW CAR ASSESSMENT TEST,RUN1868,1,FORD,FOCUS,2000,FOUR DOOR SEDAN,1429,56.32,1998,1200,180,456,478,497,505,505,504,12FDEW2,rigid flat
3339,2000-04-05,NEW CAR ASSESSMENT TEST,RUN1870,1,FORD,FOCUS,2000,THREE DOOR HATCHBACK,1407,56.65,1998,1200,180,503,525,530,532,520,493,12FDEW3,rigid flat
3346,2000-04-12,FMVSS 208 OCCUPANT CRASH PROTECTION,0000000201,1,JEEP,CHEROKEE,2000,UTILITY VEHICLE,1873,47.80,1718,1380,0,260,308,370,335,342,273,12FDEW5,rigid flat
3783,2001-08-14,OCCUPANT PERFORMANCE TEST,010814-1,1,DODGE,GRAND CARAVAN,2001,VAN,2095,48.30,2000,2000,0,207,277,238,242,239,200,12FDEW2,rigid flat
3784,2001-08-27,OCCUPANT PERFORMANCE TEST,010827,1,FORD,ESCAPE,2001,OTHER,1781,48.20,1737,1525,0,231,363,385,355,416,236,12FDEW2,rigid flat
3785,2001-08-29,OCCUPANT PERFORMANCE TEST,010829,1,TOYOTA,ECHO,2001,FOUR DOOR SEDAN,1142,48.50,1660,1525,0,261,372,430,469,378,273,12FDEW2,rigid flat
3786,2001-08-08,OCCUPANT PERFORMANCE TEST,010808-2,1,CHEVROLET,IMPALA,2001,FOUR DOOR SEDAN,1756,48.20,1845,1845,0,312,344,353,334,312,275,12FDEW2,rigid flat
3787,2001-08-02,OCCUPANT PERFORMANCE TEST,010802-1,1,HONDA,ACCORD,2001,FOUR DOOR SEDAN,1520,48.10,1787,1787,0,250,437,456,439,377,273,12FDEW2,rigid flat
3796,2001-08-22,OCCUPANT PERFORMANCE TEST,010822,1,FORD,F150 PICKUP,2001,PICKUP TRUCK,2274,48.00,1962,1525,0,501,602,634,623,587,488,12FDEW2,rigid flat
3798,2001-10-08,OCCUPANT PERFORMANCE TEST,011008,1,CHEVROLET,IMPALA,2001,FOUR DOOR SEDAN,1814,39.90,1525,1525,0,217,240,362,423,238,138,12FDEW4,rigid flat
3804,2001-09-10,OCCUPANT PERFORMANCE TEST,010910,1,DODGE,GRAND CARAVAN,2001,VAN,2116,39.90,1956,1525,0,142,248,203,169,170,101,12FDEW2,rigid flat
3805,2001-09-17,OCCUPANT PERFORMANCE TEST,010917,1,TOYOTA,ECHO,2001,FOUR DOOR SEDAN,1147,40.30,1671,1525,0,201,303,355,349,317,204,12FDEW2,rigid flat
3807,2001-10-01,OCCUPANT PERFORMANCE TEST,011001,1,HONDA,ACCORD,2001,FOUR DOOR SEDAN,1556,40.20,1525,1525,0,158,298,325,309,278,163,12FDEW2,rigid flat
3817,2001-10-22,OCCUPANT PERFORMANCE TEST,011022,1,FORD,ESCAPE,2001,UTILITY VEHICLE,1797,40.00,1785,1525,0,188,336,318,299,322,218,12FDEW4,rigid flat
3833,2001-10-29,OCCUPANT PERFORMANCE TEST,011029-2,1,FORD,F150 PICKUP,2001,PICKUP TRUCK,2293,39.90,1965,2135,0,325,394,406,426,390,308,12FDEW2,rigid flat
3843,2001-11-05,OCCUPANT PERFORMANCE TEST,011105,1,CHEVROLET,IMPALA,2001,FOUR DOOR SEDAN,1813,47.90,1855,1525,0,299,387,502,505,427,350,12FDEW3,rigid flat
4134,2000-08-30,RESEARCH,TC00-111,1,FORD,TAURUS,2000,FOUR DOOR SEDAN,1760,47.80,1855,1501,0,263,393,426,426,383,274,,rigid flat
4136,2000-08-23,RESEARCH,TC00-120,1,HYUNDAI,SONATA,2000,FOUR DOOR SEDAN,1685,47.50,1815,1500,0,253,392,398,402,381,267,,rigid flat
4137,2001-02-22,RESEARCH,TC01-118,1,FORD,ESCAPE,2001,FIVE DOOR HATCHBACK,1578,47.50,1783,1605,0,149,399,416,418,405,197,,rigid flat
4138,2000-09-08,RESEARCH,TC00-122,1,VOLKSWAGEN,JETTA,2000,FOUR DOOR SEDAN,1518,47.80,1735,1451,0,277,408,430,420,412,284,,rigid flat
4140,2000-09-01,RESEARCH,TC00-113,1,HONDA,ACCORD,2000,FOUR DOOR SEDAN,1612,47.50,1555,1501,0,287,430,449,437,398,261,,rigid flat
4141,2001-03-02,RESEARCH,TC01-128,1,CHEVROLET,IMPALA,2001,FOUR DOOR SEDAN,1792,47.70,1854,1601,0,453,503,580,602,508,448,,rigid flat
4142,2001-02-28,RESEARCH,TC01-127,1,NISSAN,MAXIMA,2001,FOUR DOOR SEDAN,1726,47.50,1785,1501,0,336,449,461,464,468,308,,rigid flat
4143,2001-03-15,OCCUPANT PERFORMANCE TEST,TC01-131,1,SUBARU,LEGACY,2001,FOUR DOOR SEDAN,1727,47.50,1745,1550,0,190,349,421,433,343,193,,rigid flat
4144,2001-03-12,RESEARCH,TC01-130,1,OLDSMOBILE,AURORA,2001,FOUR DOOR SEDAN,1856,47.30,1852,1552,0,178,359,446,446,373,181,,rigid flat
4146,2001-02-20,RESEARCH,TC01-117,1,DODGE,CARAVAN,2001,VAN,2069,48.04,1600,1551,0,236,450,449,445,438,261,,rigid flat
4152,2001-04-02,RESEARCH,TC01-205,1,TOYOTA,TUNDRA,2001,PICKUP TRUCK,2055,47.70,1910,1601,0,316,438,475,472,450,328,,rigid flat
4154,2001-03-14,RESEARCH,TC01-132,1,CHRYSLER,SEBRING,2001,FOUR DOOR SEDAN,1676,47.50,1793,1552,0,187,372,402,403,371,140,,rigid flat
4157,2001-03-07,RESEARCH,TC01-129,1,FORD,WINDSTAR,2001,VAN,2101,47.50,1945,1601,0,457,521,543,528,504,393,,rigid flat
4172,2001-03-29,RESEARCH,TC01-206,1,HONDA,CIVIC,2001,FOUR DOOR SEDAN,1334,47.40,1710,0,0,264,343,328,317,319,197,,rigid flat
4173,2001-04-16,RESEARCH,TC01-203,1,ACURA,MDX,2001,UTILITY VEHICLE,2237,47.50,1938,1402,0,317,446,519,524,470,363,,rigid flat
4174,2001-04-24,RESEARCH,TC01-219,1,FORD,TAURUS,2001,FOUR DOOR SEDAN,1749,47.40,1855,1400,0,367,402,408,404,376,299,,rigid flat
4180,2000-09-12,RESEARCH,TC00-123,1,MERCURY,COUGAR,2000,THREE DOOR HATCHBACK,1602,47.60,1769,1501,0,183,373,411,413,390,169,,rigid flat
4181,2000-09-14,RESEARCH,TC00-124,1,NISSAN,ALTIMA,2000,FOUR DOOR SEDAN,1535,47.60,1754,1601,0,287,369,419,447,447,231,,rigid flat
4183,2001-02-26,RESEARCH,TC01-120,1,PONTIAC,AZTEK,2001,FIVE DOOR HATCHBACK,1983,48.30,1872,1652,0,185,365,449,427,344,172,,rigid flat
4196,2002-03-12,FMVSS 208 OCCUPANT CRASH PROTECTION,020312,1,ISUZU,RODEO,2002,UTILITY VEHICLE,1924,38.90,1710,1710,0,243,283,320,327,282,254,12FDEW1,rigid flat
4207,2002-03-29,FMVSS 208 OCCUPANT CRASH PROTECTION,020329,1,SATURN,VUE,2002,UTILITY VEHICLE,1785,38.80,1775,1524,0,0,348,379,409,347,0,12FDEW1,rigid flat
4317,2002-05-14,RESEARCH SAFETY VEHICLE TEST,020514,1,CHEVROLET,IMPALA,2001,FOUR DOOR SEDAN,1752,40.10,1845,1525,0,278,304,331,344,309,215,12FDEW4,rigid flat
4318,2002-05-15,RESEARCH SAFETY VEHICLE TEST,020515,1,TOYOTA,ECHO,2001,FOUR DOOR SEDAN,1099,40.50,1650,1525,0,153,270,331,342,264,140,12FDEW3,rigid flat
4319,2002-05-16,RESEARCH SAFETY VEHICLE TEST,020516,1,HONDA,ACCORD,2001,FOUR DOOR SEDAN,1500,40.20,1772,1525,0,172,271,295,303,283,188,12FDEW3,rigid flat
4320,2002-05-21,RESEARCH SAFETY VEHICLE TEST,020521,1,FORD,F150 PICKUP,2001,EXTENDED CAB PICKUP,2221,40.20,1955,1829,0,313,375,447,458,383,310,12FDEW2,rigid flat
4321,2002-05-23,RESEARCH SAFETY VEHICLE TEST,020523,1,FORD,ESCAPE,2001,UTILITY VEHICLE,1733,40.10,1747,1525,0,132,240,255,365,333,213,12FDEW2,rigid flat
4322,2002-06-06,RESEARCH SAFETY VEHICLE TEST,020606,1,DODGE,GRAND CARAVAN,2001,VAN,2047,40.10,1950,1525,0,178,318,263,223,198,143,12FDEW2,rigid flat
4416,2002-04-16,RESEARCH SAFETY VEHICLE TEST,TC02-220,1,CHEVROLET,TRAILBLAZER,2002,FIVE DOOR HATCHBACK,2300,55.99,1894,1602,0,287,479,399,385,352,278,,rigid flat
4417,2002-04-12,RESEARCH SAFETY VEHICLE TEST,TC02-221,1,JEEP,LIBERTY,2002,FIVE DOOR HATCHBACK,2172,56.47,1819,1401,0,-205,-375,-388,-407,-437,-257,,rigid flat
4418,2002-03-28,RESEARCH SAFETY VEHICLE TEST,TC02-224,1,SATURN,VUE,2002,TWO DOOR COUPE,1796,56.33,1817,1401,0,374,-97,-47,-46,-97,-213,,rigid flat
4419,2002-03-19,RESEARCH SAFETY VEHICLE TEST,TC03-201,1,TOYOTA,COROLLA,2003,FOUR DOOR SEDAN,1355,56.18,1700,1300,0,-406,-501,-549,-581,-604,-404,,rigid flat
4420,2002-02-28,RESEARCH SAFETY VEHICLE TEST,TC98-003,1,GEO,METRO,1998,TWO DOOR COUPE,1021,56.29,1590,1452,0,357,-55,-4,-6,-59,-254,,rigid flat
4421,2002-04-08,RESEARCH SAFETY VEHICLE TEST,TC02-218,1,TOYOTA,CAMRY,2002,FOUR DOOR SEDAN,1684,56.41,1795,1300,0,467,-39,-3,-5,-42,-125,,rigid flat
4453,2002-11-19,FMVSS 208 OCCUPANT CRASH PROTECTION,021119-1,1,CHEVROLET,SILVERADO,2003,PICKUP TRUCK,2296,39.20,1967,1829,0,340,407,442,444,399,354,12FDEW2,rigid flat
4454,2002-11-19,FMVSS 208 OCCUPANT CRASH PROTECTION,021119-2,1,CHEVROLET,TAHOE,2003,UTILITY VEHICLE,2713,39.20,1990,1762,0,256,379,452,451,400,349,12FDEW2,rigid flat
4505,2002-03-06,RESEARCH SAFETY VEHICLE TEST,TC01-010,1,VOLKSWAGEN,BEETLE,2001,THREE DOOR HATCHBACK,1563,47.91,1724,1200,0,293,290,283,273,254,224,,rigid flat
4510,2002-02-11,RESEARCH SAFETY VEHICLE TEST,TC02-124,1,JEEP,LIBERTY,2002,FIVE DOOR HATCHBACK,2226,48.20,1819,1600,0,88,286,320,291,269,86,,rigid flat
4512,2002-06-05,RESEARCH SAFETY VEHICLE TEST,TC02-234,1,CHEVROLET,TRAILBLAZER,2002,FIVE DOOR HATCHBACK,2295,48.02,1894,1602,0,206,239,264,269,254,216,,rigid flat
4513,2002-06-21,RESEARCH SAFETY VEHICLE TEST,TC00-218,1,RENAULT,MEGANE,2000,FOUR DOOR SEDAN,1234,47.46,1698,1402,0,291,361,416,450,426,295,,rigid flat
4514,2002-04-04,RESEARCH SAFETY VEHICLE TEST,TC02-219,1,CHEVROLET,AVALANCHE,2002,PICKUP TRUCK,2750,48.30,2012,1602,0,520,-40,-13,-13,-42,-131,,rigid flat
4662,2003-06-10,FMVSS 208 OCCUPANT CRASH PROTECTION,030610-1,1,HONDA,ODYSSEY,2003,MINIVAN,2121,39.30,1930,1525,0,410,390,310,308,346,415,12FDEW2,rigid flat
4671,2003-02-25,RESEARCH SAFETY VEHICLE TEST,TC03-120,1,BUICK,RENDEZVOUS,2003,FIVE DOOR HATCHBACK,2136,47.84,1871,1601,0,-402,-427,-463,-470,-435,328,,rigid flat
4672,2003-03-07,RESEARCH SAFETY VEHICLE TEST,TC03-217,1,DODGE,CARAVAN,2003,VAN,2099,47.92,1996,752,0,-291,-400,-460,-440,,-307,,rigid flat
4673,2003-02-21,RESEARCH SAFETY VEHICLE TEST,TC03-212,1,BUICK,RENDEZVOUS,2003,FIVE DOOR HATCHBACK,2083,47.90,1871,1602,0,-349,-438,-475,-478,-453,-329,,rigid flat
4674,2003-02-18,RESEARCH SAFETY VEHICLE TEST,TC03-107,1,HONDA,CR-V,2003,FIVE DOOR HATCHBACK,1820,47.86,1782,1602,0,-120,-386,-379,-392,-449,-156,,rigid flat
4675,2003-03-31,RESEARCH SAFETY VEHICLE TEST,TC03-127,1,CHEVROLET,TRAILBLAZER,2003,OTHER,2333,47.75,1894,1602,0,-203,-237,-245,-245,-239,-168,,rigid flat
4676,2003-04-02,RESEARCH SAFETY VEHICLE TEST,TC03-130,1,VOLKSWAGEN,PASSAT,2003,FOUR DOOR SEDAN,1839,47.70,1746,1300,0,-262,-340,-360,-359,-384,-282,,rigid flat
4677,2003-03-10,RESEARCH SAFETY VEHICLE TEST,TC01-014,1,HONDA,VAMOS L,2001,VAN,1200,47.47,1475,1400,0,-97,-194,-201,-199,-208,-16,,rigid flat
4678,2003-03-06,RESEARCH SAFETY VEHICLE TEST,TC01-003,1,SUZUKI,WAGON R,2001,FIVE DOOR HATCHBACK,1018,47.91,1620,1401,0,-218,-284,-300,-299,-269,-167,,rigid flat
4679,2003-03-04,RESEARCH SAFETY VEHICLE TEST,TC01-007,1,HONDA,TURBO Z,2001,THREE DOOR HATCHBACK,1268,47.91,1475,1401,0,-156,-279,-305,-291,-260,-153,,rigid flat
4680,2003-02-26,RESEARCH SAFETY VEHICLE TEST,TC03-111,1,HYUNDAI,XG350,2003,FOUR DOOR SEDAN,1970,47.80,1825,1582,0,-255,-353,-398,-384,-370,-183,,rigid flat
4681,2003-02-26,RESEARCH SAFETY VEHICLE TEST,TC02-228,1,NISSAN,MAXIMA,2002,FOUR DOOR SEDAN,1835,56.28,1785,1502,0,-425,-584,-905,-615,-588,-413,,rigid flat
4682,2003-02-24,RESEARCH SAFETY VEHICLE TEST,TC02-232,1,HONDA,CIVIC,2002,TWO DOOR COUPE,1329,55.99,1695,1601,0,-295,-532,-524,-526,-531,-313,,rigid flat
4683,2003-02-19,RESEARCH SAFETY VEHICLE TEST,TC02-226,1,HONDA,ACCORD,2002,FOUR DOOR SEDAN,1758,56.02,1785,1600,0,-340,-531,-592,-593,-526,-429,,rigid flat
4684,2003-02-10,RESEARCH SAFETY VEHICLE TEST,TC00-224,1,TOYOTA,CAMRY,2000,FOUR DOOR SEDAN,1714,35.02,1780,1502,0,-162,-281,-309,-306,-267,-171,,rigid flat
4685,2002-12-11,RESEARCH SAFETY VEHICLE TEST,TC00-002,1,RENAULT,MEGANE,2000,THREE DOOR HATCHBACK,1353,48.00,1698,1452,0,-247,-324,-301,-290,-292,-188,,rigid flat
4686,2003-03-14,RESEARCH SAFETY VEHICLE TEST,TC03-211,1,HONDA,ACCORD,2003,FOUR DOOR SEDAN,1707,47.64,1820,1602,0,-181,-440,-486,-488,-468,-250,,rigid flat
4687,2003-03-12,RESEARCH SAFETY VEHICLE TEST,TC03-210,1,VOLVO,V70,2003,STATION WAGON,1882,47.69,1800,1600,0,-263,-399,-431,-439,-400,-213,,rigid flat
4688,2003-03-11,RESEARCH SAFETY VEHICLE TEST,TC03-215,1,DODGE,DAKOTA,2003,PICKUP TRUCK,1984,47.96,1819,1601,0,380,474,479,500,514,308,,rigid flat
4689,2003-03-05,RESEARCH SAFETY VEHICLE TEST,TC03-218,1,ACURA,1.7 EL,2003,FOUR DOOR SEDAN,1494,47.72,1717,1502,0,257,429,384,383,378,230,,rigid flat
4690,2003-02-27,RESEARCH SAFETY VEHICLE TEST,TC03-213,1,FORD,EXPLORER,2003,FIVE DOOR HATCHBACK,2389,47.86,1832,1600,0,167,339,324,323,234,161,,rigid flat
4779,2003-02-13,RESEARCH SAFETY VEHICLE TEST,TC03-209,1,CADILLAC,CTS,2003,FOUR DOOR SEDAN,1946,47.73,1795,1501,0,345,451,479,503,412,340,,rigid flat
4781,2002-10-30,RESEARCH SAFETY VEHICLE TEST,TC02-236,1,DODGE,DURANGO,2002,FIVE DOOR HATCHBACK,2562,46.25,1810,1600,0,341,465,503,510,504,367,,rigid flat
4782,2003-03-17,RESEARCH SAFETY VEHICLE TEST,TC03-216,1,TOYOTA,MATRIX,2003,FIVE DOOR HATCHBACK,1498,48.10,1765,1500,0,275,441,455,472,489,274,,rigid flat
4783,2003-03-17,RESEARCH SAFETY VEHICLE TEST,TC01-002,1,SUZUKI,ALTO,2001,FIVE DOOR HATCHBACK,932,48.00,1475,1301,0,277,272,277,284,287,266,,rigid flat
4784,2003-02-17,RESEARCH SAFETY VEHICLE TEST,TC03-214,1,HONDA,CR-V,2003,FIVE DOOR HATCHBACK,1825,47.76,1782,1601,0,149,411,390,396,415,156,,rigid flat
4830,2003-08-06,RESEARCH SAFETY VEHICLE TEST,030806-1,1,HONDA,CIVIC,2002,FOUR DOOR SEDAN,1252,40.20,1717,1524,0,100,219,214,204,190,120,12FDEW2,rigid flat
5164,2004-03-22,RESEARCH SAFETY VEHICLE TEST,TC04-131,1,MITSUBISHI,GALANT,2004,FOUR DOOR SEDAN,1940,47.60,1840,1602,0,207,386,439,481,425,278,9999999,rigid flat
5165,2004-03-23,RESEARCH SAFETY VEHICLE TEST,TC04-123,1,FORD,F150 PICKUP,2004,PICKUP TRUCK,2493,47.60,2005,1801,0,214,417,474,484,435,209,9999999,rigid flat
5166,2004-03-25,RESEARCH SAFETY VEHICLE TEST,TC04-138,1,SUZUKI,SWIFT,2004,THREE DOOR HATCHBACK,1509,47.70,1670,1200,0,371,464,469,471,459,410,9999999,rigid flat
5167,2004-03-29,RESEARCH SAFETY VEHICLE TEST,TC04-136,1,NISSAN,MAXIMA,2004,FOUR DOOR SEDAN,1959,48.00,1821,1380,0,432,453,457,455,461,411,9999999,rigid flat
5168,2004-03-31,RESEARCH SAFETY VEHICLE TEST,TC04-124,1,HONDA,ELEMENT,2004,UTILITY VEHICLE,1906,47.90,1815,1481,0,222,422,403,397,421,228,9999999,rigid flat
5169,2004-04-01,RESEARCH SAFETY VEHICLE TEST,TC04-132,1,NISSAN,350Z,2004,TWO DOOR COUPE,1749,47.40,1815,1741,0,149,370,364,424,313,51,9999999,rigid flat
5171,2004-03-26,RESEARCH SAFETY VEHICLE TEST,TC04-128,1,NISSAN,QUEST,2004,VAN,2279,47.60,1971,1700,0,372,451,458,464,458,358,9999999,rigid flat
5172,2004-03-19,RESEARCH SAFETY VEHICLE TEST,TC04-129,1,SUZUKI,AERIO,2004,FOUR DOOR SEDAN,1524,47.40,1690,1502,0,182,347,362,376,370,245,9999999,rigid flat
5173,2004-03-18,RESEARCH SAFETY VEHICLE TEST,TC04-137,1,MERCEDES,C230,2004,THREE DOOR HATCHBACK,1835,47.60,1728,1501,0,217,331,407,403,399,244,9999999,rigid flat
5174,2004-03-16,RESEARCH SAFETY VEHICLE TEST,TC04-125,1,HYUNDAI,TIBURON,2004,THREE DOOR HATCHBACK,1685,47.60,1760,1502,0,263,448,545,548,498,296,9999999,rigid flat
5175,2004-03-02,RESEARCH SAFETY VEHICLE TEST,TC03-229,1,HONDA,CIVIC,2003,TWO DOOR COUPE,1509,31.70,1695,1500,0,143,267,266,259,268,122,9999999,rigid flat
5176,2004-03-03,RESEARCH SAFETY VEHICLE TEST,TC03-230,1,HONDA,CIVIC,2003,TWO DOOR COUPE,1457,32.60,1695,1500,0,150,260,285,279,280,128,9999999,rigid flat
5177,2004-03-04,RESEARCH SAFETY VEHICLE TEST,TC03-232,1,SATURN,VUE,2003,FIVE DOOR HATCHBACK,1915,33.10,1817,1500,0,30,290,289,290,261,27,9999999,rigid flat
5178,2004-03-08,RESEARCH SAFETY VEHICLE TEST,TC03-228,1,HONDA,CIVIC,2003,TWO DOOR COUPE,1457,23.00,1695,1501,0,63,149,137,108,82,15,9999999,rigid flat
5179,2004-03-08,RESEARCH SAFETY VEHICLE TEST,TC03-231,1,HONDA,CIVIC,2003,TWO DOOR COUPE,1511,22.90,1695,1501,0,68,160,147,141,145,23,9999999,rigid flat
5185,2004-02-25,RESEARCH SAFETY VEHICLE TEST,TC04-206,1,CHEVROLET,COLORADO,2004,PICKUP TRUCK,2059,47.70,1717,1601,0,340,399,413,418,380,316,9999999,rigid flat
5186,2004-03-05,RESEARCH SAFETY VEHICLE TEST,TC03-233,1,SATURN,VUE,2003,FIVE DOOR HATCHBACK,1912,23.60,1817,1501,0,3,176,187,190,149,9,9999999,rigid flat
5187,2004-03-31,RESEARCH SAFETY VEHICLE TEST,TC04-127,1,NISSAN,MURANO,2004,UTILITY VEHICLE,2058,47.90,1880,1701,0,55,344,429,427,319,75,9999999,rigid flat
5188,2004-02-24,RESEARCH SAFETY VEHICLE TEST,TC04-116,1,SATURN,ION,2004,FOUR DOOR SEDAN,1602,47.60,1707,1502,0,301,451,582,609,540,348,9999999,rigid flat
5189,2004-02-26,RESEARCH SAFETY VEHICLE TEST,TC04-130,1,JAGUAR,X-TYPE,2004,FOUR DOOR SEDAN,2017,47.40,1789,1400,0,281,342,357,347,306,247,9999999,rigid flat
5190,2004-02-27,RESEARCH SAFETY VEHICLE TEST,TC04-122,1,CHRYSLER,PACIFICA,2004,VAN,2369,47.60,2014,1651,0,204,412,502,516,424,258,9999999,rigid flat
5191,2004-03-12,RESEARCH SAFETY VEHICLE TEST,TC04-115,1,CHEVROLET,MALIBU,2004,FOUR DOOR SEDAN,1794,47.80,1775,1502,0,291,424,472,470,422,303,9999999,rigid flat
5202,2004-02-13,RESEARCH SAFETY VEHICLE TEST,TC04-114,1,ACURA,TSX,2004,FOUR DOOR SEDAN,1842,47.60,1762,1461,0,231,414,439,436,395,273,9999999,rigid flat
5203,2004-02-23,RESEARCH SAFETY VEHICLE TEST,TC04-134,1,TOYOTA,SIENNA,2004,VAN,2282,47.40,1965,1701,0,285,420,421,435,433,300,9999999,rigid flat
5204,2004-02-27,RESEARCH SAFETY VEHICLE TEST,TC04-119,1,PONTIAC,GRAND PRIX,2004,FOUR DOOR SEDAN,1898,47.60,1875,1651,0,320,514,520,526,452,265,9999999,rigid flat
5205,2004-03-01,RESEARCH SAFETY VEHICLE TEST,TC04-121,1,DODGE,RAM,2004,PICKUP TRUCK,2308,47.60,2029,1801,0,220,359,416,417,349,279,9999999,rigid flat
5206,2004-03-09,RESEARCH SAFETY VEHICLE TEST,TC04-118,1,CHEVROLET,CAVALIER,2004,FOUR DOOR SEDAN,1531,47.70,1745,1400,0,313,388,408,408,396,362,9999999,rigid flat
5207,2004-03-11,RESEARCH SAFETY VEHICLE TEST,TC04-133,1,SUZUKI,VERONA,2004,FOUR DOOR SEDAN,1851,47.40,1815,1502,0,247,419,459,478,432,234,9999999,rigid flat
5208,2004-03-18,RESEARCH SAFETY VEHICLE TEST,TC04-135,1,VOLKSWAGEN,TOUAREG,2004,UTILITY VEHICLE,2590,47.50,1928,1701,0,169,436,451,403,355,146,9999999,rigid flat
6294,2007-12-14,TEST PROCEDURE DEVELOPMENT,071214,1,MCI,102EL3 MOTORCOACH,2000,BUS,42720,48.90,0,0,0,0,0,0,0,0,0,,rigid flat
6668,2009-03-09,FMVSS 208 OCCUPANT CRASH PROTECTION,BT09030901,1,TOYOTA,RAV4,2009,OTHER,1663,39.90,1784,1220,0,302,321,316,327,342,322,12FDEW6,rigid flat
6671,2009-03-10,FMVSS 208 OCCUPANT CRASH PROTECTION,BT09031001,1,TOYOTA,MATRIX,2009,FIVE DOOR HATCHBACK,1464,39.80,1724,1186,0,325,353,367,367,352,319,12FDEW6,rigid flat
6684,2009-03-30,FMVSS 208 OCCUPANT CRASH PROTECTION,BT09033001,1,CHEVROLET,SILVERADO,2009,PICKUP TRUCK,2300,39.80,1990,1412,0,273,320,358,346,311,265,12FDEW6,rigid flat
6685,2009-03-31,FMVSS 208 OCCUPANT CRASH PROTECTION,BT09033101,1,CHEVROLET,COBALT,2009,FOUR DOOR SEDAN,1424,37.30,1723,1723,0,234,335,371,381,362,262,12FDEW6,rigid flat
6698,2009-04-22,FMVSS 208 OCCUPANT CRASH PROTECTION,BT09042201,1,KIA,BORREGO,2009,OTHER,2107,39.90,1880,1158,0,201,267,279,276,275,199,12FDEW6,rigid flat
6699,2009-04-23,FMVSS 208 OCCUPANT CRASH PROTECTION,BT09042301,1,KIA,OPTIMA,2009,FOUR DOOR SEDAN,1579,47.60,1820,1440,0,297,407,417,430,345,237,12FDEW6,rigid flat
6714,2009-05-07,FMVSS 208 OCCUPANT CRASH PROTECTION,BT09050701,1,MAZDA,MAZDA6,2009,FOUR DOOR SEDAN,1606,39.90,1839,1372,0,331,335,355,356,332,280,12FDEW6,rigid flat
6715,2009-05-08,FMVSS 208 OCCUPANT CRASH PROTECTION,BT09050801,1,BMW,128I,2009,TWO DOOR COUPE,1647,39.80,1708,1370,0,246,315,335,338,331,161,12FDEW6,rigid flat
6934,,FMVSS 208 OCCUPANT CRASH PROTECTION,6934,1,MCI,102EL3 MOTORCOACH,2000,BUS,20071,55.84,2591,0,0,0,0,0,0,0,0,,rigid flat
6968,2009-06-19,FMVSS 208 OCCUPANT CRASH PROTECTION,BT09061901,1,VOLKSWAGEN,TIGUAN,2009,OTHER,1781,47.80,1788,1060,0,82,130,147,137,135,116,12FDEW6,rigid flat
7009,2010-07-12,FMVSS 208 OCCUPANT CRASH PROTECTION,BT10071201,1,SUZUKI,KIZASHI,2010,FOUR DOOR SEDAN,1658,39.80,1794,1584,0,-11,110,165,175,120,7,12FDEW6,rigid flat
7010,2010-07-13,FMVSS 208 OCCUPANT CRASH PROTECTION,BT10071301,1,VOLVO,XC60,2010,OTHER,2073,39.80,1831,1410,0,214,308,304,305,309,213,12FDEW6,rigid flat
7022,2010-08-23,FMVSS 208 OCCUPANT CRASH PROTECTION,BT10082301,1,HONDA,ACCORD CROSSTOUR,2010,OTHER,1885,39.90,1866,1200,0,182,271,313,345,339,235,12FDEW6,rigid flat
7023,2010-08-24,FMVSS 208 OCCUPANT CRASH PROTECTION,BT10082401,1,CADILLAC,CTS,2010,FOUR DOOR SEDAN,1995,39.60,1790,1408,0,184,246,264,195,160,106,12FDEW6,rigid flat
7034,2009-05-26,FMVSS 208 OCCUPANT CRASH PROTECTION,BT09052601,1,DODGE,JOURNEY,2009,OTHER,1876,39.90,1833,1214,0,303,389,426,430,399,327,12FDEW6,rigid flat
7046,2009-06-18,FMVSS 208 OCCUPANT CRASH PROTECTION,BT09061801,1,NISSAN,MAXIMA,2009,FOUR DOOR SEDAN,1769,39.80,1810,1345,0,139,213,204,203,173,119,12FDEW6,rigid flat
7053,2009-07-01,FMVSS 208 OCCUPANT CRASH PROTECTION,BT09070101,1,HONDA,PILOT,2009,OTHER,2109,39.80,1961,1326,0,299,364,378,384,374,293,12FDEW6,rigid flat
7056,2009-07-02,FMVSS 208 OCCUPANT CRASH PROTECTION,BT09070201,1,TOYOTA,VENZA,2009,OTHER,1840,55.80,1895,1233,0,422,508,541,536,565,435,12FDEW6,rigid flat
7068,2009-05-27,FMVSS 208 OCCUPANT CRASH PROTECTION,BT09052701,1,VOLKSWAGEN,ROUTAN,2009,OTHER,2116,55.80,2000,1140,0,321,387,440,445,328,269,12FDEW6,rigid flat
7078,2010-09-30,NEW CAR ASSESSMENT TEST,BT10093001,1,HONDA,ACCORD,2011,FOUR DOOR SEDAN,1663,56.50,1850,1060,0,456,501,515,526,548,502,12FDEW6,rigid flat
7264,2010-03-10,FMVSS 208 OCCUPANT CRASH PROTECTION,BT10031001,1,FORD,TRANSIT CONNECT,2010,VAN,1807,47.50,1756,1126,0,480,522,537,546,521,476,12FDEW6,rigid flat
7265,2010-02-19,FMVSS 208 OCCUPANT CRASH PROTECTION,BT10021901,1,MAZDA,MAZDA6,2010,FOUR DOOR SEDAN,1603,39.80,1840,1320,0,271,367,399,388,333,248,12FDEW6,rigid flat
7266,2010-02-18,FMVSS 208 OCCUPANT CRASH PROTECTION,BT10021801,1,FORD,MUSTANG,2010,TWO DOOR COUPE,1776,47.50,1840,1200,0,377,409,427,449,449,396,12FDEW6,rigid flat
7271,2010-03-11,FMVSS 208 OCCUPANT CRASH PROTECTION,B10031101,1,FORD,TAURUS,2010,FOUR DOOR SEDAN,2034,39.80,1933,1504,0,222,287,356,356,287,221,12FDEW6,rigid flat
7272,2010-03-12,FMVSS 208 OCCUPANT CRASH PROTECTION,BT10031201,1,LINCOLN,MKS,2010,FOUR DOOR SEDAN,2047,39.80,1900,1532,0,267,352,431,427,361,258,12FDEW6,rigid flat
7273,2010-04-06,FMVSS 208 OCCUPANT CRASH PROTECTION,BT10040601,1,CHEVROLET,CAMARO,2010,TWO DOOR COUPE,1890,39.80,1931,1266,0,244,260,298,305,275,233,12FDEW6,rigid flat
7284,2010-06-18,FMVSS 208 OCCUPANT CRASH PROTECTION,BT10061801,1,KIA,SOUL,2010,OTHER,1340,39.60,1756,1206,0,325,394,408,413,391,325,12FDEW6,rigid flat
7301,2010-04-26,FMVSS 208 OCCUPANT CRASH PROTECTION,BT10042601,1,CADILLAC,CTS,2010,FOUR DOOR SEDAN,2007,39.90,1786,1388,0,292,321,360,331,297,240,12FDEW6,rigid flat
7302,2010-04-28,FMVSS 208 OCCUPANT CRASH PROTECTION,BT10042801,1,FORD,TAURUS,2010,FOUR DOOR SEDAN,2031,39.80,1933,1466,0,229,315,354,360,289,208,12FDEW6,rigid flat
7305,2010-04-27,FMVSS 208 OCCUPANT CRASH PROTECTION,BT10042701,1,CHEVROLET,EQUINOX,2010,OTHER,2104,39.80,1795,1106,0,300,352,385,386,366,313,12FDEW6,rigid flat
7308,2010-05-12,FMVSS 208 OCCUPANT CRASH PROTECTION,BT10051201,1,SUBARU,LEGACY,2010,FOUR DOOR SEDAN,1628,39.80,1787,1428,0,324,340,342,332,346,297,12FDEW6,rigid flat
7321,2010-05-24,FMVSS 208 OCCUPANT CRASH PROTECTION,BT10052401,1,JAGUAR,XF,2010,FOUR DOOR SEDAN,1990,39.60,1870,1210,0,232,280,304,309,285,246,12FDEW6,rigid flat
7375,2011-03-24,OPTIONAL NEW CAR ASSESSMENT TEST,BT11032401,1,TOYOTA,COROLLA,2011,FOUR DOOR SEDAN,1413,56.30,1760,1045,0,427,492,520,542,529,452,12FDEW6,rigid flat
7393,2011-05-11,NEW CAR ASSESSMENT TEST,BT11051101,1,CHEVROLET,VOLT,2011,FOUR DOOR SEDAN,1907,56.20,1785,1202,0,354,464,462,452,414,305,12FDEW6,rigid flat
7417,2011-06-17,OPTIONAL NEW CAR ASSESSMENT TEST,BT11061701,1,ACURA,ZDX,2011,UTILITY VEHICLE,2186,56.40,1981,1472,0,268,375,479,489,403,317,12FDEW6,rigid flat
7619,2012-01-12,NEW CAR ASSESSMENT TEST,BT12011201,1,HONDA,CIVIC HYBRID,2012,FOUR DOOR SEDAN,1470,56.30,1744,1225,0,475,514,537,537,513,458,12FDEW6,rigid flat
7626,2012-01-18,NEW CAR ASSESSMENT TEST,BT12011801,1,NISSAN,JUKE,2012,UTILITY VEHICLE,1614,56.40,1728,1264,0,449,466,466,467,460,437,12FDEW6,rigid flat
7641,2012-02-03,OPTIONAL NEW CAR ASSESSMENT TEST,BT12020301,1,HYUNDAI,ELANTRA,2012,FOUR DOOR SEDAN,1451,56.10,1774,1574,0,392,412,469,462,419,393,12FDEW6,rigid flat
7792,2012-02-24,FMVSS 208 OCCUPANT CRASH PROTECTION,BT12022401,1,HYUNDAI,SONATA,2011,FOUR DOOR SEDAN,1820,39.80,1820,1320,0,152,231,239,204,170,109,12FDEW6,rigid flat
7793,2012-03-16,FMVSS 208 OCCUPANT CRASH PROTECTION,BT12031602,1,TOYOTA,CAMRY,2011,FOUR DOOR SEDAN,1798,39.60,1830,1310,0,134,197,244,248,263,181,12FDEW6,rigid flat
7806,2012-03-27,FMVSS 208 OCCUPANT CRASH PROTECTION,BT12032701,1,TOYOTA,SIENNA,2011,FOUR DOOR SEDAN,2130,39.80,1983,1572,0,231,358,383,388,324,227,12FDEW6,rigid flat
7879,2011-05-02,FMVSS 208 OCCUPANT CRASH PROTECTION,BT11050201,1,HONDA,ODYSSEY,2011,OTHER,2203,39.80,1985,1758,0,110,135,167,168,150,118,12FDEW6,rigid flat
7880,2012-06-01,FMVSS 208 OCCUPANT CRASH PROTECTION,BT12060101,1,FORD,EXPLORER,2011,OTHER,2349,39.80,1976,1708,0,129,213,341,376,332,181,12FDEW2,rigid flat
7894,2012-05-15,FMVSS 208 OCCUPANT CRASH PROTECTION,BT12051501,1,KIA,SORENTO,2011,OTHER,1832,39.80,1858,1240,0,181,267,304,302,275,188,12FDEW2,rigid flat
7895,2012-05-16,FMVSS 208 OCCUPANT CRASH PROTECTION,BT12051601,1,VOLVO,S60,2011,FOUR DOOR SEDAN,2055,39.80,1824,1392,0,124,177,189,189,220,150,12FDEW1,rigid flat
7896,2012-05-14,FMVSS 208 OCCUPANT CRASH PROTECTION,BT12051401,1,SUBARU,FORESTER,2011,OTHER,1614,39.80,1760,1296,0,203,344,308,256,228,149,12FDEW2,rigid flat
7897,2012-04-26,FMVSS 208 OCCUPANT CRASH PROTECTION,BT12042601,1,FORD,F150 PICKUP,2011,PICKUP TRUCK,2351,39.90,1982,2326,0,147,211,265,283,219,149,12FDEW2,rigid flat
7898,2012-04-27,FMVSS 208 OCCUPANT CRASH PROTECTION,BT12042701,1,FORD,FIESTA,2011,FOUR DOOR SEDAN,1286,39.60,1681,1192,0,82,204,205,236,274,143,12FDEW2,rigid flat
7916,2011-03-29,FMVSS 208 OCCUPANT CRASH PROTECTION,BT11032901,1,CADILLAC,CTS,2011,FOUR DOOR SEDAN,1903,39.60,1791,1392,0,230,281,331,319,283,214,12FDEW6,rigid flat
7937,2012-07-09,FMVSS 208 OCCUPANT CRASH PROTECTION,BT12070902,1,CHEVROLET,CRUZE,2011,FOUR DOOR SEDAN,1587,39.80,1748,1320,0,88,112,117,131,137,87,12FDEW1,rigid flat
7938,2012-07-10,FMVSS 208 OCCUPANT CRASH PROTECTION,BT12071001,1,NISSAN,JUKE,2011,OTHER,1489,39.80,1729,1276,0,139,194,218,244,239,175,12FDEW2,rigid flat
7971,2012-09-10,FMVSS 208 OCCUPANT CRASH PROTECTION,BT12091001,1,BMW,OTHER,2012,FOUR DOOR SEDAN,2092,39.60,1860,1600,0,38,69,101,103,70,47,12FDEW1,rigid flat
7972,2012-07-30,FMVSS 208 OCCUPANT CRASH PROTECTION,BT12073001,1,TOYOTA,PRIUS,2012,FOUR DOOR SEDAN,1559,39.80,1742,1098,0,124,231,269,272,231,165,12FDEW2,rigid flat
7973,2012-07-18,FMVSS 208 OCCUPANT CRASH PROTECTION,BT12071801,1,BUICK,LACROSSE,2012,FOUR DOOR SEDAN,1862,39.80,1820,1493,0,71,144,163,173,142,68,12FDEW1,rigid flat
7991,2012-10-03,FMVSS 208 OCCUPANT CRASH PROTECTION,BT12100301,1,DODGE,DART,2013,FOUR DOOR SEDAN,1590,39.60,1832,1518,0,67,192,213,218,210,79,12FDEW3,rigid flat
7992,2012-09-26,FMVSS 208 OCCUPANT CRASH PROTECTION,BT12092601,1,ACURA,ILX HYBRID,2013,FOUR DOOR SEDAN,1488,39.60,1762,1216,0,165,267,337,341,290,198,12FDEW3,rigid flat
8038,2012-10-26,OPTIONAL NEW CAR ASSESSMENT TEST,BT12102601,1,LEXUS,ES 350,2013,FOUR DOOR SEDAN,1826,56.34,1796,1286,0,431,509,532,505,471,367,12FDEW6,rigid flat
8043,2012-11-05,OPTIONAL NEW CAR ASSESSMENT TEST,BT12110501,1,CHEVROLET,CRUZE,2013,FOUR DOOR SEDAN,1599,56.21,1752,1224,0,367,462,483,495,491,407,12FDEW6,rigid flat
8048,2012-11-08,NEW CAR ASSESSMENT TEST,BT12110801,1,DODGE,CHALLENGER,2013,TWO DOOR COUPE,1948,56.39,1918,1432,0,573,607,642,639,611,573,12FDEW6,rigid flat
8057,2012-11-16,OPTIONAL NEW CAR ASSESSMENT TEST,BT12111601,1,INFINITI,JX,2013,UTILITY VEHICLE,2203,56.37,1945,1326,0,407,539,565,538,485,378,12FDEW6,rigid flat
8147,2013-02-05,FMVSS 208 OCCUPANT CRASH PROTECTION,BT13020501,1,TOYOTA,RAV4,2012,OTHER,1989,39.40,1784,1264,0,196,289,310,318,321,230,12FDEW3,rigid flat
8159,2013-02-25,FMVSS 208 OCCUPANT CRASH PROTECTION,BT13022501,1,CHEVROLET,SONIC,2013,FOUR DOOR SEDAN,1390,39.60,1690,1120,0,87,128,143,161,152,96,12FDEW2,rigid flat
8195,2013-03-18,FMVSS 208 OCCUPANT CRASH PROTECTION,BT13031801,1,DODGE,AVENGER,2013,FOUR DOOR SEDAN,1740,39.80,1819,1588,0,184,320,377,410,337,189,12FDEW2,rigid flat
8196,2013-03-19,FMVSS 208 OCCUPANT CRASH PROTECTION,BT13031901,1,SUBARU,IMPREZA,2013,FOUR DOOR SEDAN,1463,39.60,1838,1520,0,162,305,345,346,310,157,12FDEW2,rigid flat
8251,2013-05-21,FMVSS 208 OCCUPANT CRASH PROTECTION,BT13052101,1,NISSAN,FRONTIER,2013,PICKUP TRUCK,2238,55.50,1783,1272,0,334,400,397,362,362,325,12FDEW3,rigid flat
8325,2013-07-15,FMVSS 208 OCCUPANT CRASH PROTECTION,BT13071501,1,HONDA,CIVIC HYBRID,2013,FOUR DOOR SEDAN,1439,39.60,1738,1680,0,115,236,277,273,187,121,12FDEW3,rigid flat
8379,2013-08-27,FMVSS 208 OCCUPANT CRASH PROTECTION,BT13082701,1,FORD,FUSION ENERGI,2013,FOUR DOOR SEDAN,1954,39.80,1836,1384,0,75,109,93,88,103,77,12FDEW3,rigid flat
8380,2013-09-09,FMVSS 208 OCCUPANT CRASH PROTECTION,BT13090901,1,HONDA,ACCORD,2013,FOUR DOOR SEDAN,1610,39.80,1750,1148,0,203,251,266,226,258,237,12FDEW3,rigid flat
8388,2013-09-24,FMVSS 208 OCCUPANT CRASH PROTECTION,BT13092401,1,VOLKSWAGEN,PASSAT,2013,FOUR DOOR SEDAN,1745,39.60,1785,1248,0,128,195,219,257,238,172,12FDEW3,rigid flat
8587,2014-02-12,FMVSS 208 OCCUPANT CRASH PROTECTION,BT14021211,1,NISSAN,VERSA,2014,FOUR DOOR SEDAN,1223,39.70,1696,1280,0,218,301,339,349,332,224,12FDEW3,rigid flat
8604,2014-04-10,NEW CAR ASSESSMENT TEST,CV0201.0018,1,CHEVROLET,SILVERADO2500,2015,4 DOOR PICKUP,3325,56.40,2000,921,0,614,647,673,678,655,623,12FDEW3,rigid flat
8605,2014-04-09,NEW CAR ASSESSMENT TEST,140409,1,CHEVROLET,TAHOE,2015,UTILITY VEHICLE,2846,56.15,2040,1524,0,167,624,662,652,598,430,12FDEW2,rigid flat
8612,2014-03-17,FMVSS 208 OCCUPANT CRASH PROTECTION,BT14032411,1,MAZDA,CX-5,2014,OTHER,1594,39.80,1840,1268,0,170,240,265,278,251,182,12FDEW3,rigid flat
8613,2014-03-18,FMVSS 208 OCCUPANT CRASH PROTECTION,BT14031811,1,KIA,SORENTO,2014,OTHER,1825,39.70,1858,1370,0,155,352,323,331,351,184,12FDEW3,rigid flat
8641,2014-04-11,NEW CAR ASSESSMENT TEST,CV02010019,1,CHEVROLET,SILVERADO2500,2015,EXTENDED CAB PICKUP,3277,56.54,1997,911,0,607,640,667,672,655,628,12FDEW3,rigid flat
8651,2014-04-23,FMVSS 208 OCCUPANT CRASH PROTECTION,BT14042312,1,TOYOTA,TUNDRA,2014,4 DOOR PICKUP,2901,55.80,2042,1500,0,334,330,314,295,290,351,12FDEW2,rigid flat
8761,2014-06-02,FMVSS 208 OCCUPANT CRASH PROTECTION,BT14060201,1,FIAT,OTHER,2014,OTHER,1598,39.80,1745,1352,0,79,96,121,136,129,105,12FDEW1,rigid flat
8778,2014-04-29,FMVSS 208 OCCUPANT CRASH PROTECTION,BT14042911,1,CHEVROLET,IMPALA,2014,FOUR DOOR SEDAN,1834,39.70,1858,1520,0,108,158,168,126,158,46,12FDEW2,rigid flat
8890,2014-06-23,FMVSS 208 OCCUPANT CRASH PROTECTION,BT14062311,1,INFINITI,Q50,2014,FOUR DOOR SEDAN,2018,39.70,1826,1268,0,170,218,238,266,271,215,12FDEW1,rigid flat
8891,2014-06-24,FMVSS 208 OCCUPANT CRASH PROTECTION,BT14062411,1,MAZDA,MAZDA6,2014,FOUR DOOR SEDAN,1648,39.60,1852,1160,0,146,194,207,230,221,182,12FDEW1,rigid flat
8898,2014-07-28,FMVSS 208 OCCUPANT CRASH PROTECTION,BT14072811,1,CHEVROLET,SILVERADO 1500,2014,4 DOOR PICKUP,2025,39.80,2000,2070,0,209,334,425,421,324,219,12FDEW2,rigid flat
8899,2014-07-29,FMVSS 208 OCCUPANT CRASH PROTECTION,BT14072911,1,HYUNDAI,SANTA FE SPORT ,2014,OTHER,1786,39.80,1852,1560,0,40,128,137,134,114,47,12FDEW2,rigid flat
8900,2014-07-29,FMVSS 208 OCCUPANT CRASH PROTECTION,BT14072912,1,TOYOTA,TUNDRA,2014,4 DOOR PICKUP,2904,56.30,2040,1492,0,371,359,345,317,304,251,12FDEW2,rigid flat
8901,2014-07-31,FMVSS 208 OCCUPANT CRASH PROTECTION,BT14073111,1,TOYOTA,TUNDRA,2014,4 DOOR PICKUP,2905,55.90,2040,1492,0,370,342,329,322,340,335,12FDEW2,rigid flat
8984,2014-09-29,FMVSS 208 OCCUPANT CRASH PROTECTION,BT14092911,1,MERCEDES,OTHER,2014,FOUR DOOR SEDAN,1673,39.70,1780,1346,0,101,173,198,220,201,128,12FDEW2,rigid flat
9107,2014-12-15,FMVSS 208 OCCUPANT CRASH PROTECTION,BT14121511,1,JEEP,PATRIOT,2014,OTHER,1648,39.80,1786,1130,0,274,215,216,189,189,154,12FDEW2,rigid flat
9108,2014-12-16,FMVSS 208 OCCUPANT CRASH PROTECTION,BT14121611,1,FIAT,OTHER,2014,OTHER,1594,39.80,1748,1440,0,66,108,116,146,133,77,12FDEW1,rigid flat
9109,2015-01-12,FMVSS 208 OCCUPANT CRASH PROTECTION,BT15011211,1,TOYOTA,COROLLA,2014,FOUR DOOR SEDAN,1445,39.80,1766,1304,0,229,331,343,333,306,199,12FDEW2,rigid flat
9344,2015-08-31,FMVSS 208 OCCUPANT CRASH PROTECTION,BT15083111,1,MAZDA,MAZDA3,2015,FOUR DOOR SEDAN,1449,39.50,1800,1188,0,87,116,149,121,113,87,12FDEW3,rigid flat
9345,2015-09-14,FMVSS 208 OCCUPANT CRASH PROTECTION,BT150914111,1,FORD,MUSTANG,2015,TWO DOOR COUPE,1724,39.60,1820,1100,0,190,215,223,219,210,180,12FDEW1,rigid flat
9346,2015-09-21,FMVSS 208 OCCUPANT CRASH PROTECTION,BT150921111,1,NISSAN,ROGUE,2015,OTHER,1763,39.60,1846,1182,0,208,225,229,227,219,186,12FDEW1,rigid flat
9534,2015-11-16,FMVSS 208 OCCUPANT CRASH PROTECTION,BT15111611,1,SUBARU,OUTBACK,2015,OTHER,1828,39.40,1844,1700,0,139,191,225,229,184,126,12FDEW1,rigid flat
9535,2015-11-30,FMVSS 208 OCCUPANT CRASH PROTECTION,BT15113011,1,HONDA,CR-V,2015,OTHER,1731,39.60,1825,1162,0,262,326,356,368,348,267,12FDEW2,rigid flat
9536,2015-12-01,FMVSS 208 OCCUPANT CRASH PROTECTION,BT15120111,1,HONDA,FIT,2015,FIVE DOOR HATCHBACK,1275,39.60,1700,1350,0,156,233,-28,57,252,139,12FDEW2,rigid flat
9537,2015-12-14,FMVSS 208 OCCUPANT CRASH PROTECTION,BT15121411,1,CHEVROLET,OTHER,2015,OTHER,1637,39.50,1777,1128,0,123,188,219,222,205,128,12FDEW2,rigid flat
9538,2015-12-15,FMVSS 208 OCCUPANT CRASH PROTECTION,BT15121511,1,CHEVROLET,COLORADO,2015,EXTENDED CAB PICKUP,2009,0.00,1890,1190,0,130,219,228,237,242,179,12FDEW2,rigid flat
9662,2016-04-04,OPTIONAL NEW CAR ASSESSMENT TEST,CV1619.0001,1,CHEVROLET,SILVERADO,2016,PICKUP TRUCK,3263,56.57,2006,1750,0,491,568,625,623,562,487,12FDEW3,rigid flat
9664,2015-01-15,FMVSS 208 OCCUPANT CRASH PROTECTION,BT16011111,1,KIA,SPORTAGE,2015,OTHER,1711,39.60,1800,1450,0,204,293,274,310,308,218,12FDEW2,rigid flat
9671,2016-02-02,FMVSS 208 OCCUPANT CRASH PROTECTION,BT16020211,1,MITSUBISHI,OUTLANDER,2015,OTHER,1696,39.40,1868,1140,0,414,433,429,426,425,395,12FDEW2,rigid flat
9678,2016-02-01,FMVSS 208 OCCUPANT CRASH PROTECTION,BT16020111,1,MITSUBISHI,MIRAGE,2015,FOUR DOOR SEDAN,1040,39.50,1648,1008,0,242,270,282,275,255,193,12FDEW2,rigid flat
9686,2016-02-22,FMVSS 208 OCCUPANT CRASH PROTECTION,BT160222111,1,MINI,COOPER,2015,TWO DOOR SEDAN,1361,39.50,1698,1468,0,92,153,178,196,192,80,12FDEW1,rigid flat
9692,2016-01-25,FMVSS 208 OCCUPANT CRASH PROTECTION,BT16012511,1,TOYOTA,CAMRY,2015,FOUR DOOR SEDAN,1690,39.60,1818,1340,0,273,309,304,326,296,211,12FDEW2,rigid flat
9989,2016-11-22,NEW CAR ASSESSMENT TEST,CV1601.0022,1,BUICK,LACROSSE,2017,FOUR DOOR SEDAN,1931,56.07,1858,1401,0,213,398,384,361,319,202,12FDEW2,rigid flat
10714,2019-03-19,NEW CAR ASSESSMENT TEST,TR3463,1,FORD,F250 CREW CAB,2019,4 DOOR PICKUP,3337,56.29,2022,1642,0,358,578,646,650,584,415,12FDEW3,rigid flat
10770,2019-05-30,OPTIONAL NEW CAR ASSESSMENT TEST,BT19053031,1,NISSAN,ALTIMA,2019,FOUR DOOR SEDAN,1714,56.62,1835,1090,0,362,407,402,406,449,420,12FDEW2,rigid flat
10778,2019-06-07,NEW CAR ASSESSMENT TEST,BT19060731,1,DODGE,DURANGO,2019,UTILITY VEHICLE,2421,56.30,1915,1540,0,415,484,481,497,478,416,12FDEW2,rigid flat
10793,2019-07-18,NEW CAR ASSESSMENT TEST,CC-PODR-00701,1,CHEVROLET,SILVERADO 2500,2019,4 DOOR PICKUP,3414,56.34,2001,1611,0,518,592,645,643,586,503,12FDEW3,rigid flat
10797,2019-07-31,NEW CAR ASSESSMENT TEST,BT19071931,1,FORD,F250 SUPERCAB,2019,EXTENDED CAB PICKUP,3245,56.33,2022,2480,0,214,440,635,631,467,258,12FDEW2,rigid flat
11399,2021-02-24,NEW CAR ASSESSMENT TEST,BT21022431,1,RAM,2500,2021,4 DOOR PICKUP,3398,56.95,2190,2732,0,505,651,753,747,627,401,12FDEW4,rigid flat
11490,2021-03-10,NEW CAR ASSESSMENT TEST,BT21031031,1,FORD,F150 SUPERCREW,2021,4 DOOR PICKUP,2600,56.99,2072,2416,0,338,463,584,586,460,325,12FDEW3,rigid flat
11572,2021-03-17,NEW CAR ASSESSMENT TEST,BT21031731,1,FORD,F150 SUPERCAB,2021,EXTENDED CAB PICKUP,2580,55.96,2025,2412,0,368,492,623,616,481,366,12FDEW4,rigid flat
14087,2022-05-16,NEW CAR ASSESSMENT TEST,BT22051631,1,FORD,EXPEDITION,2022,UTILITY VEHICLE,2891,56.54,2032,1320,0,530,606,603,593,599,545,12FDEW3,rigid flat
14248,2022-08-29,NEW CAR ASSESSMENT TEST,M20225103,1,TOYOTA,TUNDRA,2022,PICKUP TRUCK,2853,56.26,2022,1882,0,208,631,617,621,614,430,12FDEW3,rigid flat
14307,2023-03-10,NEW CAR ASSESSMENT TEST,BT23031031,1,FORD,F-150 LIGHTNING,2022,4 DOOR PICKUP,3130,56.92,2082,2064,0,216,378,497,461,397,204,12FDEW3,rigid flat
14353,2022-08-22,NEW CAR ASSESSMENT TEST,BT22082231,1,FORD,F150 SUPERCREW,2022,PICKUP TRUCK,2870,57.02,2034,1500,0,479,565,601,576,569,466,12FDEW3,rigid flat
14475,2023-05-03,RESEARCH,R20225387,1,HONDA,ACCORD,2022,FOUR DOOR SEDAN,1626,56.07,1576,0,0,300,438,406,377,414,260,12FDEW2,rigid flat
14476,2023-06-10,RESEARCH,R20231200,1,CHEVROLET,BOLT,2023,FIVE DOOR HATCHBACK,1829,56.51,1499,0,0,454,,644,666,,546,12FDEW2,rigid flat
14477,2023-12-13,RESEARCH,R20230234,1,FORD,F150 SUPERCREW,2023,4 DOOR PICKUP,2560,56.10,1799,0,0,412,444,448,444,435,318,12FDEW2,rigid flat
14478,2023-11-30,RESEARCH,R20235805,1,VOLKSWAGEN,ID.4,2023,UTILITY VEHICLE,2427,56.80,1569,0,0,394,414,439,500,469,320,12FDEW2,rigid flat
14479,2023-11-16,RESEARCH,R20231202,1,TESLA,MODEL Y,2023,FIVE DOOR HATCHBACK,2188,56.51,1596,0,0,122,315,306,320,331,196,12FDEW2,rigid flat
14509,2024-04-25,RESEARCH,R20235418,1,MAZDA,CX-5,2023,FIVE DOOR HATCHBACK,1908,56.90,1577,0,0,291,422,415,400,362,240,12FDEW2,rigid flat
15050,2024-06-03,NEW CAR ASSESSMENT TEST,44-6197,1,CHEVROLET,SILVERADO 1500,2024,4 DOOR PICKUP,2570,56.29,2036,1654,0,372,584,640,635,572,361,12FDEW3,rigid flat
15299,2024-11-13,NEW CAR ASSESSMENT TEST,44-6330,1,CHEVROLET,SILVERADO 2500,2024,TRUCK,3514,56.47,2036,1724,0,447,617,661,660,601,422,12FDEW3,rigid flat
15311,2024-12-13,NEW CAR ASSESSMENT TEST,BT24121331,1,RAM,1500 CREW,2025,4 DOOR PICKUP,2725,56.57,2033,1585,0,395,513,544,543,502,394,12FDEW3,rigid flat
15312,2024-12-18,OPTIONAL NEW CAR ASSESSMENT TEST,O20244500,1,TESLA,CYBERTRUCK,2024,4 DOOR PICKUP,3400,56.12,2043,620,0,56,146,251,393,445,353,12FDEW4,rigid flat
15347,2025-03-10,NEW CAR ASSESSMENT TEST,BT25031031,1,JEEP,GLADIATOR,2025,4 DOOR PICKUP,2410,56.43,1657,1566,0,304,373,434,429,370,295,12FDEW2,rigid flat
15358,2025-03-28,NEW CAR ASSESSMENT TEST,BT25032831,1,JEEP,WRANGLER 4XE PHEV,2025,UTILITY VEHICLE,2477,56.39,1660,1514,0,267,301,311,327,348,339,12FDEW2,rigid flat
15424,2025-04-25,NEW CAR ASSESSMENT TEST,BT25042531,1,RAM,,2025,FOUR DOOR PICKUP,2566,56.83,2031,1550,0,398,507,556,556,510,405,12FDEW3,rigid flat
15453,2024-08-02,FMVSS 208 OCCUPANT CRASH PROTECTION,24080231,1,TESLA,MODEL S,2023,FOUR DOOR SEDAN,2250,55.90,1893,0,,551,672,767,736,639,450,12FDEW3,rigid flat
15459,2025-06-11,OPTIONAL NEW CAR ASSESSMENT TEST,O20254500,1,TESLA,CYBERTRUCK,2025,4 DOOR PICKUP,3386,56.11,2073,1866,0,156,286,327,299,330,113,12FDEW3,rigid flat
15476,2025-07-15,NEW CAR ASSESSMENT TEST,49-6694,1,FORD,EXPEDITION,2025,UTILITY VEHICLE,2757,56.35,2088,1691,0,340,472,479,478,469,366,12FDEW2,rigid flat
15483,2022-08-23,FMVSS 208 OCCUPANT CRASH PROTECTION,22082331,1,FORD,MUSTANG MACH-E,2022,UTILITY VEHICLE,2295,55.10,1847,0,0,471,634,628,649,667,520,12FDEW2,rigid flat
15484,2022-06-24,FMVSS 208 OCCUPANT CRASH PROTECTION,22062431,1,HYUNDAI,TUCSON,2023,UTILITY VEHICLE,1761,55.60,1822,0,,440,515,523,525,520,461,12FDEW3,rigid flat
15485,2022-12-08,FMVSS 208 OCCUPANT CRASH PROTECTION,22120831,1,HONDA,CIVIC,2022,FOUR DOOR SEDAN,1455,55.40,1794,0,,410,519,527,528,473,446,12FDEW2,rigid flat
15486,2023-01-12,FMVSS 208 OCCUPANT CRASH PROTECTION,D23008,1,VOLKSWAGEN,TAOS,2022,UTILITY VEHICLE,1638,39.50,1798,0,0,225,284,268,224,198,125,12FDEW1,rigid flat
15487,2023-07-21,FMVSS 208 OCCUPANT CRASH PROTECTION,23072131,1,FORD,BRONCO,2023,UTILITY VEHICLE,2327,55.50,1787,0,0,502,596,620,616,591,503,12FDEW2,rigid flat
15488,2023-11-03,FMVSS 208 OCCUPANT CRASH PROTECTION,23110331,1,HYUNDAI,IONIQ 5,2023,UTILITY VEHICLE,2088,39.40,1874,0,0,275,360,350,356,379,347,12FDEW3,rigid flat
15489,2024-01-11,FMVSS 208 OCCUPANT CRASH PROTECTION,24011131,1,LAND ROVER,DEFENDER 110,2023,UTILITY VEHICLE,2535,39.40,1905,0,0,333,357,400,395,383,352,12FDEW2,rigid flat
15490,2023-05-19,FMVSS 208 OCCUPANT CRASH PROTECTION,23051931,1,MAZDA,CX-50,2023,UTILITY VEHICLE,1851,55.50,1931,0,0,514,601,620,617,616,417,12FDEW2,rigid flat
15491,2023-09-27,FMVSS 208 OCCUPANT CRASH PROTECTION,23092731,1,SUBARU,SOLTERRA,2023,UTILITY VEHICLE,2150,55.40,1830,0,,428,540,554,553,546,444,12FDEW2,rigid flat
15492,2023-12-18,FMVSS 208 OCCUPANT CRASH PROTECTION,23121831,1,MITSUBISHI,OUTLANDER,2023,UTILITY VEHICLE,1929,39.50,1852,0,0,147,269,257,242,209,148,12FDEW3,rigid flat
15493,2023-12-08,FMVSS 208 OCCUPANT CRASH PROTECTION,23120831,1,VOLKSWAGEN,ID.4,2023,UTILITY VEHICLE,2451,39.30,1865,0,0,322,341,340,333,320,344,12FDEW3,rigid flat
15494,2023-09-19,FMVSS 208 OCCUPANT CRASH PROTECTION,23091931,1,VOLVO,XC40,2023,UTILITY VEHICLE,1856,55.30,1842,0,,386,396,424,447,448,334,12FDEW3,rigid flat
15496,2025-05-23,FMVSS 208 OCCUPANT CRASH PROTECTION,25052331,1,BUICK,ENVISTA,2024,FIVE DOOR HATCHBACK,1545,55.20,1804,0,,398,511,512,507,485,323,12FDEW2,rigid flat
15497,2025-05-08,FMVSS 208 OCCUPANT CRASH PROTECTION,25050831,1,CHEVROLET,SILVERADO EV,2024,TRUCK,3949,39.20,2036,0,0,255,335,365,388,396,429,12FDEW1,rigid flat
15498,2025-04-15,FMVSS 208 OCCUPANT CRASH PROTECTION,25041531,1,CHEVROLET,EQUINOX EV,2024,4 DOOR UTILITY VEHICLE,2414,39.10,1911,0,0,150,168,185,200,175,153,12FDEW2,rigid flat
15499,2024-05-03,FMVSS 208 OCCUPANT CRASH PROTECTION,24050331,1,CHEVROLET,CORVETTE,2024,CONVERTIBLE,1827,55.40,1939,0,0,38,103,126,133,103,37,12FDEW2,rigid flat
15500,2024-08-09,FMVSS 208 OCCUPANT CRASH PROTECTION,24080931,1,PORSCHE,911 CARRERA,2024,TWO DOOR COUPE,1802,55.40,1906,0,0,453,655,611,606,631,447,12FDEW3,rigid flat
15501,2024-09-16,FMVSS 208 OCCUPANT CRASH PROTECTION,24091631,1,BMW,530 I,2024,FOUR DOOR SEDAN,1976,54.80,1892,0,,279,465,511,515,472,281,12FDEW2,rigid flat
15502,2025-06-10,FMVSS 208 OCCUPANT CRASH PROTECTION,25062031,1,GENESIS,G80,2024,FOUR DOOR SEDAN,2491,39.30,1873,0,0,332,384,383,379,365,321,12FDEW2,rigid flat
15503,2024-11-06,FMVSS 208 OCCUPANT CRASH PROTECTION,24110631,1,VINFAST,VF8,2024,UTILITY VEHICLE,2659,55.10,1887,0,0,401,520,512,508,480,398,12FDEW3,rigid flat
15504,2024-12-17,FMVSS 208 OCCUPANT CRASH PROTECTION,24121731,1,NISSAN,ARIYA,2024,FIVE DOOR HATCHBACK,2119,55.20,1890,0,0,237,336,379,398,408,315,12FDEW3,rigid flat
15505,2025-06-27,FMVSS 208 OCCUPANT CRASH PROTECTION,25062731,1,AUDI,Q4 E-TRON,2024,4 DOOR UTILITY VEHICLE,2416,39.30,1862,0,0,310,339,363,359,365,327,12FDEW2,rigid flat
15680,2022-06-24,FMVSS 208 OCCUPANT CRASH PROTECTION,22062431,1,HYUNDAI,TUCSON,2023,UTILITY VEHICLE,1761,55.60,1822,0,0,440,515,523,525,520,461,12FDEW3,rigid flat
15681,2022-05-24,FMVSS 208 OCCUPANT CRASH PROTECTION,22052431,1,NISSAN,PATHFINDER,2022,UTILITY VEHICLE,2221,39.40,2028,0,0,218,229,252,269,268,248,12FDEW1,rigid flat
15683,2021-04-19,FMVSS 208 OCCUPANT CRASH PROTECTION,21041931,1,CHEVROLET,EQUINOX,2021,UTILITY VEHICLE,1794,39.30,1844,0,0,228,285,320,318,277,217,12FDEW2,rigid flat
15684,2021-04-26,FMVSS 208 OCCUPANT CRASH PROTECTION,21042631,1,CHEVROLET,SILVERADO 1500,2021,PICKUP TRUCK,2353,55.00,2067,0,0,324,447,508,512,451,343,12FDEW3,rigid flat
15685,2021-06-14,FMVSS 208 OCCUPANT CRASH PROTECTION,21061431,1,FORD,ESCAPE,2021,UTILITY VEHICLE,1770,39.50,1821,0,0,134,192,217,230,218,163,12FDEW2,rigid flat
15686,2021-08-09,FMVSS 208 OCCUPANT CRASH PROTECTION,21080931,1,HYUNDAI,PALISADE,2021,UTILITY VEHICLE,2023,39.40,1942,1260,0,153,174,174,163,156,102,12FDEW1,rigid flat
15688,2020-10-22,FMVSS 208 OCCUPANT CRASH PROTECTION,20102231,1,AUDI,A6,2020,FOUR DOOR SEDAN,2096,39.60,1855,1660,0,180,245,253,258,265,160,12FDEW2,rigid flat
15689,2020-10-05,FMVSS 208 OCCUPANT CRASH PROTECTION,20100531,1,BUICK,ENCORE,2020,UTILITY VEHICLE,1669,55.50,1805,0,0,394,376,399,408,384,360,12FDEW3,rigid flat
15692,2021-04-12,FMVSS 208 OCCUPANT CRASH PROTECTION,21041231,1,KIA,NIRO,2020,UTILITY VEHICLE,1554,55.70,1806,1184,0,285,293,301,299,309,297,12FDEW3,rigid flat
15693,2020-09-09,FMVSS 208 OCCUPANT CRASH PROTECTION,20090931,1,MAZDA,CX-5,2020,UTILITY VEHICLE,1738,39.20,1840,0,0,142,219,247,243,230,148,12FDEW2,rigid flat
15694,2020-01-20,FMVSS 208 OCCUPANT CRASH PROTECTION,20012031,1,TOYOTA,COROLLA,2020,FOUR DOOR SEDAN,1504,55.50,1780,0,0,424,484,497,492,444,409,12FDEW3,rigid flat
15695,2020-12-16,FMVSS 208 OCCUPANT CRASH PROTECTION,20121631,1,VOLKSWAGEN,PASSAT,2020,FOUR DOOR SEDAN,1675,55.70,1832,1284,0,346,482,542,542,510,389,12FDEW3,rigid flat
15696,2020-01-17,FMVSS 208 OCCUPANT CRASH PROTECTION,20011731,1,NISSAN,ROGUE,2020,UTILITY VEHICLE,1725,39.40,1836,1188,0,302,284,286,271,257,279,12FDEW2,rigid flat
15697,2020-03-17,FMVSS 208 OCCUPANT CRASH PROTECTION,20031731,1,FORD,EXPLORER,2020,UTILITY VEHICLE,2245,55.40,1984,0,0,369,526,563,571,553,344,12FDEW3,rigid flat
15698,2020-03-04,FMVSS 208 OCCUPANT CRASH PROTECTION,20030431,1,ACURA,RDX,2020,UTILITY VEHICLE,1839,55.30,1899,0,0,360,406,424,389,341,291,12FDEW2,rigid flat
15699,2020-02-13,FMVSS 208 OCCUPANT CRASH PROTECTION,20021331,1,HONDA,ACCORD,2020,FOUR DOOR SEDAN,1615,39.40,1860,0,0,191,238,286,275,202,111,12FDEW1,rigid flat
15703,2021-07-06,FMVSS 208 OCCUPANT CRASH PROTECTION,21070631,1,TOYOTA,RAV4,2021,UTILITY VEHICLE,1696,55.70,1854,0,0,391,484,486,461,408,287,12FDEW3,rigid flat
